ros_time_sec,mode,armed,connected,aruco_fresh,aruco_age_sec,aruco_x,aruco_y,aruco_z,aruco_yaw_rad,local_pose_fresh,local_pose_age_sec,local_x,local_y,local_z,local_yaw_rad,setpoint_fresh,setpoint_age_sec,sp_frame,sp_type_mask,sp_vx,sp_vy,sp_vz,sp_yaw_rate,target_x,target_y,target_yaw,target_z,kp_xy,ki_xy,kd_xy,kp_x,ki_x,kd_x,kp_y,ki_y,kd_y,kp_yaw,ki_yaw,kd_yaw,kp_z,ki_z,kd_z,vxy_limit,vz_limit,wz_limit,velocity_deadband,yaw_rate_deadband
1773641073.7435856,,-1,-1,0,1000000000.0,nan,nan,nan,nan,0,1000000000.0,nan,nan,nan,nan,0,1000000000.0,-1,-1,nan,nan,nan,nan,0.0,0.0,0.0,2.5,0.6,0.0,0.08,0.6,0.0,0.02,0.6,0.0,0.02,0.6,0.0,0.02,0.6,0.0,0.06,1.0,0.5,1.0,0.03,0.03
1773641073.7756712,,-1,-1,1,0.007411759,-0.0034796928098654234,0.0073339535640332305,0.15405758166665826,-0.05886570597636725,0,1000000000.0,nan,nan,nan,nan,1,0.005606345,8,1479,0.0,-0.0,0.0,0.0,0.0,0.0,0.0,2.5,0.6,0.0,0.08,0.6,0.0,0.02,0.6,0.0,0.02,0.6,0.0,0.02,0.6,0.0,0.06,1.0,0.5,1.0,0.03,0.03
1773641073.8071134,,-1,-1,1,0.020939415,-0.003709313056279561,0.0072538165805169676,0.15390570792601765,-0.0514125824143339,0,1000000000.0,nan,nan,nan,nan,1,0.002842036,8,1479,0.0,-0.0,0.0,0.0,0.0,0.0,0.0,2.5,0.6,0.0,0.08,0.6,0.0,0.02,0.6,0.0,0.02,0.6,0.0,0.02,0.6,0.0,0.06,1.0,0.5,1.0,0.03,0.03
1773641073.8396661,,-1,-1,1,0.003632103,-0.0036663866571602795,0.007187265034853306,0.15356436155144668,-0.052875639860150134,0,1000000000.0,nan,nan,nan,nan,1,0.002403325,8,1479,0.0,-0.0,0.0,0.0,0.0,0.0,0.0,2.5,0.6,0.0,0.08,0.6,0.0,0.02,0.6,0.0,0.02,0.6,0.0,0.02,0.6,0.0,0.06,1.0,0.5,1.0,0.03,0.03
1773641073.8733363,,-1,-1,1,0.010528014,-0.00357303426906055,0.007271866164144306,0.15419330129472664,-0.06089961289199921,0,1000000000.0,nan,nan,nan,nan,1,0.001111222,8,1479,0.0,-0.0,0.0,0.0,0.0,0.0,0.0,2.5,0.6,0.0,0.08,0.6,0.0,0.02,0.6,0.0,0.02,0.6,0.0,0.02,0.6,0.0,0.06,1.0,0.5,1.0,0.03,0.03
1773641073.9055734,,-1,-1,1,0.0129655,-0.0037718539248246565,0.007163859252669755,0.1543590217011423,-0.05518950805773553,0,1000000000.0,nan,nan,nan,nan,1,0.001589225,8,1479,0.0,-0.0,0.0,0.0,0.0,0.0,0.0,2.5,0.6,0.0,0.08,0.6,0.0,0.02,0.6,0.0,0.02,0.6,0.0,0.02,0.6,0.0,0.06,1.0,0.5,1.0,0.03,0.03
1773641073.9392424,,-1,-1,1,0.018867652,-0.003584688028192287,0.007441994792532403,0.1543202649303616,-0.06734773224424016,0,1000000000.0,nan,nan,nan,nan,1,0.035444499,8,1479,0.0,-0.0,0.0,0.0,0.0,0.0,0.0,2.5,0.6,0.0,0.08,0.6,0.0,0.02,0.6,0.0,0.02,0.6,0.0,0.02,0.6,0.0,0.06,1.0,0.5,1.0,0.03,0.03
1773641073.9769282,,-1,-1,1,0.024449722,-0.0035042846848460985,0.00717007162000788,0.15375731177052446,-0.05627178495942565,0,1000000000.0,nan,nan,nan,nan,1,0.007413277,8,1479,0.0,-0.0,0.0,0.0,0.0,0.0,0.0,2.5,0.6,0.0,0.08,0.6,0.0,0.02,0.6,0.0,0.02,0.6,0.0,0.02,0.6,0.0,0.06,1.0,0.5,1.0,0.03,0.03
1773641074.008563,,-1,-1,1,0.014839647,-0.0035042846848460985,0.00717007162000788,0.15375731177052446,-0.05627178495942565,0,1000000000.0,nan,nan,nan,nan,1,0.038934385,8,1479,0.0,-0.0,0.0,0.0,0.0,0.0,0.0,2.5,0.6,0.0,0.08,0.6,0.0,0.02,0.6,0.0,0.02,0.6,0.0,0.02,0.6,0.0,0.06,1.0,0.5,1.0,0.03,0.03
1773641074.0492172,,-1,-1,1,0.012948784,-0.0037542693901513663,0.007196139470027911,0.15385886107702848,-0.054840254343896375,0,1000000000.0,nan,nan,nan,nan,1,0.027472352,8,1479,0.0,-0.0,0.0,0.0,0.0,0.0,0.0,2.5,0.6,0.0,0.08,0.6,0.0,0.02,0.6,0.0,0.02,0.6,0.0,0.02,0.6,0.0,0.06,1.0,0.5,1.0,0.03,0.03
1773641074.0859566,,-1,-1,1,0.017253603,-0.003639083716111565,0.0072256274583604235,0.15444841117767233,-0.05772827476407984,0,1000000000.0,nan,nan,nan,nan,1,0.012311084,8,1479,0.0,-0.0,0.0,0.0,0.0,0.0,0.0,2.5,0.6,0.0,0.08,0.6,0.0,0.02,0.6,0.0,0.02,0.6,0.0,0.02,0.6,0.0,0.06,1.0,0.5,1.0,0.03,0.03
1773641074.1059566,,-1,-1,1,0.002923693,-0.0037021194234114377,0.007269610685985227,0.1542195320330773,-0.05712861540161464,0,1000000000.0,nan,nan,nan,nan,1,0.002466483,8,1479,0.0,-0.0,0.0,0.0,0.0,0.0,0.0,2.5,0.6,0.0,0.08,0.6,0.0,0.02,0.6,0.0,0.02,0.6,0.0,0.02,0.6,0.0,0.06,1.0,0.5,1.0,0.03,0.03
1773641074.1392164,,-1,-1,1,0.013244018,-0.0035895575029366994,0.007446815303436884,0.15365249357125144,-0.05859438183482533,0,1000000000.0,nan,nan,nan,nan,1,0.001558804,8,1479,0.0,-0.0,0.0,0.0,0.0,0.0,0.0,2.5,0.6,0.0,0.08,0.6,0.0,0.02,0.6,0.0,0.02,0.6,0.0,0.02,0.6,0.0,0.06,1.0,0.5,1.0,0.03,0.03
1773641074.1737456,,-1,-1,1,0.002989812,-0.003711075123376658,0.007261585252589764,0.15391744822053655,-0.047209569792830745,0,1000000000.0,nan,nan,nan,nan,1,0.002370609,8,1479,0.0,-0.0,0.0,0.0,0.0,0.0,0.0,2.5,0.6,0.0,0.08,0.6,0.0,0.02,0.6,0.0,0.02,0.6,0.0,0.02,0.6,0.0,0.06,1.0,0.5,1.0,0.03,0.03
1773641074.2057247,,-1,-1,1,0.034748207,-0.003711075123376658,0.007261585252589764,0.15391744822053655,-0.047209569792830745,0,1000000000.0,nan,nan,nan,nan,1,0.002174878,8,1479,0.0,-0.0,0.0,0.0,0.0,0.0,0.0,2.5,0.6,0.0,0.08,0.6,0.0,0.02,0.6,0.0,0.02,0.6,0.0,0.02,0.6,0.0,0.06,1.0,0.5,1.0,0.03,0.03
1773641074.2439528,,-1,-1,1,0.009210825,-0.0037642699024296737,0.007375964291896561,0.15395379863843284,-0.056315942489019694,0,1000000000.0,nan,nan,nan,nan,1,0.006513951,8,1479,0.0,-0.0,0.0,0.0,0.0,0.0,0.0,2.5,0.6,0.0,0.08,0.6,0.0,0.02,0.6,0.0,0.02,0.6,0.0,0.02,0.6,0.0,0.06,1.0,0.5,1.0,0.03,0.03
1773641074.2717345,,-1,-1,1,0.013696302,-0.0035320669938312343,0.007340221895887982,0.15443934833199152,-0.06308882808691565,0,1000000000.0,nan,nan,nan,nan,1,0.004300764,8,1479,0.0,-0.0,0.0,0.0,0.0,0.0,0.0,2.5,0.6,0.0,0.08,0.6,0.0,0.02,0.6,0.0,0.02,0.6,0.0,0.02,0.6,0.0,0.06,1.0,0.5,1.0,0.03,0.03
1773641074.305595,,-1,-1,1,0.025787141,-0.0035320669938312343,0.007340221895887982,0.15443934833199152,-0.06308882808691565,0,1000000000.0,nan,nan,nan,nan,1,0.00467606,8,1479,0.0,-0.0,0.0,0.0,0.0,0.0,0.0,2.5,0.6,0.0,0.08,0.6,0.0,0.02,0.6,0.0,0.02,0.6,0.0,0.02,0.6,0.0,0.06,1.0,0.5,1.0,0.03,0.03
1773641074.3383548,,-1,-1,1,0.006678408,-0.0035042846848460985,0.00717007162000788,0.15375731177052446,-0.05627178495942565,0,1000000000.0,nan,nan,nan,nan,1,0.002645771,8,1479,0.0,-0.0,0.0,0.0,0.0,0.0,0.0,2.5,0.6,0.0,0.08,0.6,0.0,0.02,0.6,0.0,0.02,0.6,0.0,0.02,0.6,0.0,0.06,1.0,0.5,1.0,0.03,0.03
1773641074.3730597,,-1,-1,1,0.009785832,-0.003438228337834413,0.007299649151461876,0.15401997341731094,-0.05539474764326701,0,1000000000.0,nan,nan,nan,nan,1,0.037376758,8,1479,0.0,-0.0,0.0,0.0,0.0,0.0,0.0,2.5,0.6,0.0,0.08,0.6,0.0,0.02,0.6,0.0,0.02,0.6,0.0,0.02,0.6,0.0,0.06,1.0,0.5,1.0,0.03,0.03
1773641074.4049969,,-1,-1,1,0.016229516,-0.003669035024548332,0.00736496590166381,0.1538892959421322,-0.05909614624849689,0,1000000000.0,nan,nan,nan,nan,1,0.002217353,8,1479,0.0,-0.0,0.0,0.0,0.0,0.0,0.0,2.5,0.6,0.0,0.08,0.6,0.0,0.02,0.6,0.0,0.02,0.6,0.0,0.02,0.6,0.0,0.06,1.0,0.5,1.0,0.03,0.03
1773641074.439278,,-1,-1,1,0.011780052,-0.003639083716111565,0.0072256274583604235,0.15444841117767233,-0.05772827476407984,0,1000000000.0,nan,nan,nan,nan,1,0.005409283,8,1479,0.0,-0.0,0.0,0.0,0.0,0.0,0.0,2.5,0.6,0.0,0.08,0.6,0.0,0.02,0.6,0.0,0.02,0.6,0.0,0.02,0.6,0.0,0.06,1.0,0.5,1.0,0.03,0.03
1773641074.4717627,,-1,-1,1,0.016488792,-0.0037021194234114377,0.007269610685985227,0.1542195320330773,-0.05712861540161464,0,1000000000.0,nan,nan,nan,nan,1,0.003807671,8,1479,0.0,-0.0,0.0,0.0,0.0,0.0,0.0,2.5,0.6,0.0,0.08,0.6,0.0,0.02,0.6,0.0,0.02,0.6,0.0,0.02,0.6,0.0,0.06,1.0,0.5,1.0,0.03,0.03
1773641074.50643,,-1,-1,1,0.023564825,-0.0035414041832206463,0.00728848335573708,0.15432252055197687,-0.0547059844839994,0,1000000000.0,nan,nan,nan,nan,1,0.002676099,8,1479,0.0,-0.0,0.0,0.0,0.0,0.0,0.0,2.5,0.6,0.0,0.08,0.6,0.0,0.02,0.6,0.0,0.02,0.6,0.0,0.02,0.6,0.0,0.06,1.0,0.5,1.0,0.03,0.03
1773641074.5406802,,-1,-1,1,0.004077909,-0.003584688028192287,0.007441994792532403,0.1543202649303616,-0.06734773224424016,0,1000000000.0,nan,nan,nan,nan,1,0.002426452,8,1479,0.0,-0.0,0.0,0.0,0.0,0.0,0.0,2.5,0.6,0.0,0.08,0.6,0.0,0.02,0.6,0.0,0.02,0.6,0.0,0.02,0.6,0.0,0.06,1.0,0.5,1.0,0.03,0.03
1773641074.57588,,-1,-1,1,0.039326578,-0.003584688028192287,0.007441994792532403,0.1543202649303616,-0.06734773224424016,0,1000000000.0,nan,nan,nan,nan,1,0.037669826,8,1479,0.0,-0.0,0.0,0.0,0.0,0.0,0.0,2.5,0.6,0.0,0.08,0.6,0.0,0.02,0.6,0.0,0.02,0.6,0.0,0.02,0.6,0.0,0.06,1.0,0.5,1.0,0.03,0.03
1773641074.6056316,,-1,-1,1,0.020270615,-0.0035710184408982723,0.0075017488616349985,0.1540546134922492,-0.058219224299236864,0,1000000000.0,nan,nan,nan,nan,1,0.025813674,8,1479,0.0,-0.0,0.0,0.0,0.0,0.0,0.0,2.5,0.6,0.0,0.08,0.6,0.0,0.02,0.6,0.0,0.02,0.6,0.0,0.02,0.6,0.0,0.06,1.0,0.5,1.0,0.03,0.03
1773641074.6422524,,-1,-1,1,0.005945611,-0.0035214793653659156,0.007209354145171908,0.1539686474565055,-0.05008628092253381,0,1000000000.0,nan,nan,nan,nan,1,0.024293123,8,1479,0.0,-0.0,0.0,0.0,0.0,0.0,0.0,2.5,0.6,0.0,0.08,0.6,0.0,0.02,0.6,0.0,0.02,0.6,0.0,0.02,0.6,0.0,0.06,1.0,0.5,1.0,0.03,0.03
1773641074.673297,,-1,-1,1,0.004844201,-0.003594776997674333,0.00727373286802164,0.1535219692342076,-0.057547686708493126,0,1000000000.0,nan,nan,nan,nan,1,0.004041155,8,1479,0.0,-0.0,0.0,0.0,0.0,0.0,0.0,2.5,0.6,0.0,0.08,0.6,0.0,0.02,0.6,0.0,0.02,0.6,0.0,0.02,0.6,0.0,0.06,1.0,0.5,1.0,0.03,0.03
1773641074.705205,,-1,-1,1,0.010460453,-0.003438228337834413,0.007299649151461876,0.15401997341731094,-0.05539474764326701,0,1000000000.0,nan,nan,nan,nan,1,0.035831971,8,1479,0.0,-0.0,0.0,0.0,0.0,0.0,0.0,2.5,0.6,0.0,0.08,0.6,0.0,0.02,0.6,0.0,0.02,0.6,0.0,0.02,0.6,0.0,0.06,1.0,0.5,1.0,0.03,0.03
1773641074.7383518,,-1,-1,1,0.020312497,-0.003399295871143324,0.007411468691574939,0.15367740852525252,-0.05981049065797205,0,1000000000.0,nan,nan,nan,nan,1,0.00401364,8,1479,0.0,-0.0,0.0,0.0,0.0,0.0,0.0,2.5,0.6,0.0,0.08,0.6,0.0,0.02,0.6,0.0,0.02,0.6,0.0,0.02,0.6,0.0,0.06,1.0,0.5,1.0,0.03,0.03
1773641074.7722352,,-1,-1,1,0.005190168,-0.0036770724447749616,0.007134034812539199,0.15385285840695115,-0.053571107991120644,0,1000000000.0,nan,nan,nan,nan,1,0.002723556,8,1479,0.0,-0.0,0.0,0.0,0.0,0.0,0.0,2.5,0.6,0.0,0.08,0.6,0.0,0.02,0.6,0.0,0.02,0.6,0.0,0.02,0.6,0.0,0.06,1.0,0.5,1.0,0.03,0.03
1773641074.8050392,,-1,-1,1,0.008666018,-0.003589565822359568,0.0071237240056041965,0.15385803948643986,-0.05314493774918732,0,1000000000.0,nan,nan,nan,nan,1,0.004523064,8,1479,0.0,-0.0,0.0,0.0,0.0,0.0,0.0,2.5,0.6,0.0,0.08,0.6,0.0,0.02,0.6,0.0,0.02,0.6,0.0,0.02,0.6,0.0,0.06,1.0,0.5,1.0,0.03,0.03
1773641074.838476,,-1,-1,1,0.0081675,-0.003639083716111565,0.0072256274583604235,0.15444841117767233,-0.05772827476407984,0,1000000000.0,nan,nan,nan,nan,1,0.004874956,8,1479,0.0,-0.0,0.0,0.0,0.0,0.0,0.0,2.5,0.6,0.0,0.08,0.6,0.0,0.02,0.6,0.0,0.02,0.6,0.0,0.02,0.6,0.0,0.06,1.0,0.5,1.0,0.03,0.03
1773641074.871758,,-1,-1,1,0.008512985,-0.0036285144885711672,0.007315171495265763,0.15417783446500732,-0.05416762006833098,0,1000000000.0,nan,nan,nan,nan,1,0.004477459,8,1479,0.0,-0.0,0.0,0.0,0.0,0.0,0.0,2.5,0.6,0.0,0.08,0.6,0.0,0.02,0.6,0.0,0.02,0.6,0.0,0.02,0.6,0.0,0.06,1.0,0.5,1.0,0.03,0.03
1773641074.9050667,,-1,-1,1,0.010031813,-0.00376057252062719,0.007299585623987984,0.1541214580028521,-0.04905340552630108,0,1000000000.0,nan,nan,nan,nan,1,0.004620179,8,1479,0.0,-0.0,0.0,0.0,0.0,0.0,0.0,2.5,0.6,0.0,0.08,0.6,0.0,0.02,0.6,0.0,0.02,0.6,0.0,0.02,0.6,0.0,0.06,1.0,0.5,1.0,0.03,0.03
1773641074.938424,,-1,-1,1,0.010779442,-0.003898832824843438,0.007169834801292692,0.15391897389521791,-0.04675490051655211,0,1000000000.0,nan,nan,nan,nan,1,0.0046259,8,1479,0.0,-0.0,0.0,0.0,0.0,0.0,0.0,2.5,0.6,0.0,0.08,0.6,0.0,0.02,0.6,0.0,0.02,0.6,0.0,0.02,0.6,0.0,0.06,1.0,0.5,1.0,0.03,0.03
1773641074.9718695,,-1,-1,1,0.01145536,-0.0037835643895310234,0.007237711015083998,0.15356467466910184,-0.060686488253117954,0,1000000000.0,nan,nan,nan,nan,1,0.004089499,8,1479,0.0,-0.0,0.0,0.0,0.0,0.0,0.0,2.5,0.6,0.0,0.08,0.6,0.0,0.02,0.6,0.0,0.02,0.6,0.0,0.02,0.6,0.0,0.06,1.0,0.5,1.0,0.03,0.03
1773641075.0054374,,-1,-1,1,0.002565062,-0.00376057252062719,0.007299585623987984,0.1541214580028521,-0.04905340552630108,0,1000000000.0,nan,nan,nan,nan,1,0.005323704,8,1479,0.0,-0.0,0.0,0.0,0.0,0.0,0.0,2.5,0.6,0.0,0.08,0.6,0.0,0.02,0.6,0.0,0.02,0.6,0.0,0.02,0.6,0.0,0.06,1.0,0.5,1.0,0.03,0.03
1773641075.0384762,,-1,-1,1,0.01028402,-0.0035279538908474274,0.007114115412551625,0.1539854500688005,-0.05389435169880431,0,1000000000.0,nan,nan,nan,nan,1,0.005054894,8,1479,0.0,-0.0,0.0,0.0,0.0,0.0,0.0,2.5,0.6,0.0,0.08,0.6,0.0,0.02,0.6,0.0,0.02,0.6,0.0,0.02,0.6,0.0,0.06,1.0,0.5,1.0,0.03,0.03
1773641075.074248,,-1,-1,1,0.006569612,-0.0035414041832206463,0.00728848335573708,0.15432252055197687,-0.0547059844839994,0,1000000000.0,nan,nan,nan,nan,1,0.005957203,8,1479,0.0,-0.0,0.0,0.0,0.0,0.0,0.0,2.5,0.6,0.0,0.08,0.6,0.0,0.02,0.6,0.0,0.02,0.6,0.0,0.02,0.6,0.0,0.06,1.0,0.5,1.0,0.03,0.03
1773641075.105311,,-1,-1,1,0.011103379,-0.0035360850919625405,0.007154611984678181,0.1537410321482006,-0.056788454011915936,0,1000000000.0,nan,nan,nan,nan,1,0.005378327,8,1479,0.0,-0.0,0.0,0.0,0.0,0.0,0.0,2.5,0.6,0.0,0.08,0.6,0.0,0.02,0.6,0.0,0.02,0.6,0.0,0.02,0.6,0.0,0.06,1.0,0.5,1.0,0.03,0.03
1773641075.1390314,,-1,-1,1,0.012664961,-0.0035113640041078273,0.007397119520723971,0.154638870203777,-0.06262004365775159,0,1000000000.0,nan,nan,nan,nan,1,0.005794875,8,1479,0.0,-0.0,0.0,0.0,0.0,0.0,0.0,2.5,0.6,0.0,0.08,0.6,0.0,0.02,0.6,0.0,0.02,0.6,0.0,0.02,0.6,0.0,0.06,1.0,0.5,1.0,0.03,0.03
1773641075.1819644,,-1,-1,1,0.021985661,-0.003639083716111565,0.0072256274583604235,0.15444841117767233,-0.05772827476407984,0,1000000000.0,nan,nan,nan,nan,1,0.015274774,8,1479,0.0,-0.0,0.0,0.0,0.0,0.0,0.0,2.5,0.6,0.0,0.08,0.6,0.0,0.02,0.6,0.0,0.02,0.6,0.0,0.02,0.6,0.0,0.06,1.0,0.5,1.0,0.03,0.03
1773641075.2059987,,-1,-1,1,0.009814997,-0.003589565822359568,0.0071237240056041965,0.15385803948643986,-0.05314493774918732,0,1000000000.0,nan,nan,nan,nan,1,0.006062354,8,1479,0.0,-0.0,0.0,0.0,0.0,0.0,0.0,2.5,0.6,0.0,0.08,0.6,0.0,0.02,0.6,0.0,0.02,0.6,0.0,0.02,0.6,0.0,0.06,1.0,0.5,1.0,0.03,0.03
1773641075.239756,,-1,-1,1,0.009541223,-0.0037054327256773453,0.007166356443984544,0.1540759925171939,-0.0569995907176826,0,1000000000.0,nan,nan,nan,nan,1,0.006631047,8,1479,0.0,-0.0,0.0,0.0,0.0,0.0,0.0,2.5,0.6,0.0,0.08,0.6,0.0,0.02,0.6,0.0,0.02,0.6,0.0,0.02,0.6,0.0,0.06,1.0,0.5,1.0,0.03,0.03
1773641075.272783,,-1,-1,1,0.011247376,-0.0035604660644365,0.007139628170440856,0.15380487011408986,-0.05211984865318851,0,1000000000.0,nan,nan,nan,nan,1,0.00583174,8,1479,0.0,-0.0,0.0,0.0,0.0,0.0,0.0,2.5,0.6,0.0,0.08,0.6,0.0,0.02,0.6,0.0,0.02,0.6,0.0,0.02,0.6,0.0,0.06,1.0,0.5,1.0,0.03,0.03
1773641075.3056645,,-1,-1,1,0.011836529,-0.003682228929142304,0.007301895823400896,0.1547906132164701,-0.06102554606579398,0,1000000000.0,nan,nan,nan,nan,1,0.005821002,8,1479,0.0,-0.0,0.0,0.0,0.0,0.0,0.0,2.5,0.6,0.0,0.08,0.6,0.0,0.02,0.6,0.0,0.02,0.6,0.0,0.02,0.6,0.0,0.06,1.0,0.5,1.0,0.03,0.03
1773641075.338952,,-1,-1,1,0.011812051,-0.0037343446737538467,0.0073368206111650795,0.15422257346036994,-0.062477931895045906,0,1000000000.0,nan,nan,nan,nan,1,0.005796153,8,1479,0.0,-0.0,0.0,0.0,0.0,0.0,0.0,2.5,0.6,0.0,0.08,0.6,0.0,0.02,0.6,0.0,0.02,0.6,0.0,0.02,0.6,0.0,0.06,1.0,0.5,1.0,0.03,0.03
1773641075.3722153,,-1,-1,1,0.011373838,-0.0037950847587171154,0.0074427078411591005,0.1541147077676473,-0.05392331799191832,0,1000000000.0,nan,nan,nan,nan,1,0.038237049,8,1479,0.0,-0.0,0.0,0.0,0.0,0.0,0.0,2.5,0.6,0.0,0.08,0.6,0.0,0.02,0.6,0.0,0.02,0.6,0.0,0.02,0.6,0.0,0.06,1.0,0.5,1.0,0.03,0.03
1773641075.405643,,-1,-1,1,0.009129248,-0.003745800077299339,0.00733084013762461,0.15448177817773232,-0.055212465701138164,0,1000000000.0,nan,nan,nan,nan,1,0.00134417,8,1479,0.0,-0.0,0.0,0.0,0.0,0.0,0.0,2.5,0.6,0.0,0.08,0.6,0.0,0.02,0.6,0.0,0.02,0.6,0.0,0.02,0.6,0.0,0.06,1.0,0.5,1.0,0.03,0.03
1773641075.4417071,,-1,-1,1,0.007589514,-0.00362608092499876,0.007295680223398049,0.15445046046514796,-0.058787098766866316,0,1000000000.0,nan,nan,nan,nan,1,0.006933058,8,1479,0.0,-0.0,0.0,0.0,0.0,0.0,0.0,2.5,0.6,0.0,0.08,0.6,0.0,0.02,0.6,0.0,0.02,0.6,0.0,0.02,0.6,0.0,0.06,1.0,0.5,1.0,0.03,0.03
1773641075.472988,,-1,-1,1,0.012650481,-0.003589565822359568,0.0071237240056041965,0.15385803948643986,-0.05314493774918732,0,1000000000.0,nan,nan,nan,nan,1,0.005882603,8,1479,0.0,-0.0,0.0,0.0,0.0,0.0,0.0,2.5,0.6,0.0,0.08,0.6,0.0,0.02,0.6,0.0,0.02,0.6,0.0,0.02,0.6,0.0,0.06,1.0,0.5,1.0,0.03,0.03
1773641075.506179,,-1,-1,1,0.014623594,-0.0035042846848460985,0.00717007162000788,0.15375731177052446,-0.05627178495942565,0,1000000000.0,nan,nan,nan,nan,1,0.004167989,8,1479,0.0,-0.0,0.0,0.0,0.0,0.0,0.0,2.5,0.6,0.0,0.08,0.6,0.0,0.02,0.6,0.0,0.02,0.6,0.0,0.02,0.6,0.0,0.06,1.0,0.5,1.0,0.03,0.03
1773641075.5396378,,-1,-1,1,0.015870075,-0.0036862675590147603,0.007062896700364793,0.15424942224143015,-0.044015338753345214,0,1000000000.0,nan,nan,nan,nan,1,0.00582563,8,1479,0.0,-0.0,0.0,0.0,0.0,0.0,0.0,2.5,0.6,0.0,0.08,0.6,0.0,0.02,0.6,0.0,0.02,0.6,0.0,0.02,0.6,0.0,0.06,1.0,0.5,1.0,0.03,0.03
1773641075.571942,,-1,-1,1,0.014339507,-0.003647535478176589,0.007384486409730754,0.15386367369398884,-0.0582285372891492,0,1000000000.0,nan,nan,nan,nan,1,0.003518901,8,1479,0.0,-0.0,0.0,0.0,0.0,0.0,0.0,2.5,0.6,0.0,0.08,0.6,0.0,0.02,0.6,0.0,0.02,0.6,0.0,0.02,0.6,0.0,0.06,1.0,0.5,1.0,0.03,0.03
1773641075.6054637,,-1,-1,1,0.009759265,-0.0035414041832206463,0.00728848335573708,0.15432252055197687,-0.0547059844839994,0,1000000000.0,nan,nan,nan,nan,1,0.003508532,8,1479,0.0,-0.0,0.0,0.0,0.0,0.0,0.0,2.5,0.6,0.0,0.08,0.6,0.0,0.02,0.6,0.0,0.02,0.6,0.0,0.02,0.6,0.0,0.06,1.0,0.5,1.0,0.03,0.03
1773641075.6386085,,-1,-1,1,0.00912797,-0.003639083716111565,0.0072256274583604235,0.15444841117767233,-0.05772827476407984,0,1000000000.0,nan,nan,nan,nan,1,0.004371384,8,1479,0.0,-0.0,0.0,0.0,0.0,0.0,0.0,2.5,0.6,0.0,0.08,0.6,0.0,0.02,0.6,0.0,0.02,0.6,0.0,0.02,0.6,0.0,0.06,1.0,0.5,1.0,0.03,0.03
1773641075.6736252,,-1,-1,1,0.011743079,-0.003639083716111565,0.0072256274583604235,0.15444841117767233,-0.05772827476407984,0,1000000000.0,nan,nan,nan,nan,1,0.03981187,8,1479,0.0,-0.0,0.0,0.0,0.0,0.0,0.0,2.5,0.6,0.0,0.08,0.6,0.0,0.02,0.6,0.0,0.02,0.6,0.0,0.02,0.6,0.0,0.06,1.0,0.5,1.0,0.03,0.03
1773641075.7050164,,-1,-1,1,0.005682707,-0.0035320669938312343,0.007340221895887982,0.15443934833199152,-0.06308882808691565,0,1000000000.0,nan,nan,nan,nan,1,0.002811117,8,1479,0.0,-0.0,0.0,0.0,0.0,0.0,0.0,2.5,0.6,0.0,0.08,0.6,0.0,0.02,0.6,0.0,0.02,0.6,0.0,0.02,0.6,0.0,0.06,1.0,0.5,1.0,0.03,0.03
1773641075.7411656,,-1,-1,1,0.04190552,-0.0035320669938312343,0.007340221895887982,0.15443934833199152,-0.06308882808691565,0,1000000000.0,nan,nan,nan,nan,1,0.006310983,8,1479,0.0,-0.0,0.0,0.0,0.0,0.0,0.0,2.5,0.6,0.0,0.08,0.6,0.0,0.02,0.6,0.0,0.02,0.6,0.0,0.02,0.6,0.0,0.06,1.0,0.5,1.0,0.03,0.03
1773641075.7768674,,-1,-1,1,0.01536465,-0.003745800077299339,0.00733084013762461,0.15448177817773232,-0.055212465701138164,0,1000000000.0,nan,nan,nan,nan,1,0.008338662,8,1479,0.0,-0.0,0.0,0.0,0.0,0.0,0.0,2.5,0.6,0.0,0.08,0.6,0.0,0.02,0.6,0.0,0.02,0.6,0.0,0.02,0.6,0.0,0.06,1.0,0.5,1.0,0.03,0.03
1773641075.8069227,,-1,-1,1,0.046027923,-0.003745800077299339,0.00733084013762461,0.15448177817773232,-0.055212465701138164,0,1000000000.0,nan,nan,nan,nan,1,0.005622827,8,1479,0.0,-0.0,0.0,0.0,0.0,0.0,0.0,2.5,0.6,0.0,0.08,0.6,0.0,0.02,0.6,0.0,0.02,0.6,0.0,0.02,0.6,0.0,0.06,1.0,0.5,1.0,0.03,0.03
1773641075.839102,,-1,-1,1,0.028019019,-0.0035042846848460985,0.00717007162000788,0.15375731177052446,-0.05627178495942565,0,1000000000.0,nan,nan,nan,nan,1,0.002039547,8,1479,0.0,-0.0,0.0,0.0,0.0,0.0,0.0,2.5,0.6,0.0,0.08,0.6,0.0,0.02,0.6,0.0,0.02,0.6,0.0,0.02,0.6,0.0,0.06,1.0,0.5,1.0,0.03,0.03
1773641075.8743634,,-1,-1,1,0.022105958,-0.0035113640041078273,0.007397119520723971,0.154638870203777,-0.06262004365775159,0,1000000000.0,nan,nan,nan,nan,1,0.004306931,8,1479,0.0,-0.0,0.0,0.0,0.0,0.0,0.0,2.5,0.6,0.0,0.08,0.6,0.0,0.02,0.6,0.0,0.02,0.6,0.0,0.02,0.6,0.0,0.06,1.0,0.5,1.0,0.03,0.03
1773641075.9088101,,-1,-1,1,0.019451633,-0.00365905446213439,0.007334973343536147,0.15428162008335608,-0.049486564193994394,0,1000000000.0,nan,nan,nan,nan,1,0.038260898,8,1479,0.0,-0.0,0.0,0.0,0.0,0.0,0.0,2.5,0.6,0.0,0.08,0.6,0.0,0.02,0.6,0.0,0.02,0.6,0.0,0.02,0.6,0.0,0.06,1.0,0.5,1.0,0.03,0.03
1773641075.941417,,-1,-1,1,0.015583229,-0.0035414041832206463,0.00728848335573708,0.15432252055197687,-0.0547059844839994,0,1000000000.0,nan,nan,nan,nan,1,0.018064618,8,1479,0.0,-0.0,0.0,0.0,0.0,0.0,0.0,2.5,0.6,0.0,0.08,0.6,0.0,0.02,0.6,0.0,0.02,0.6,0.0,0.02,0.6,0.0,0.06,1.0,0.5,1.0,0.03,0.03
1773641075.9717236,,-1,-1,1,0.029087675,-0.003452789737103306,0.007395953123174799,0.15427820932550435,-0.06095697685529126,0,1000000000.0,nan,nan,nan,nan,1,0.00257256,8,1479,0.0,-0.0,0.0,0.0,0.0,0.0,0.0,2.5,0.6,0.0,0.08,0.6,0.0,0.02,0.6,0.0,0.02,0.6,0.0,0.02,0.6,0.0,0.06,1.0,0.5,1.0,0.03,0.03
1773641076.0068705,,-1,-1,1,0.064144997,-0.003452789737103306,0.007395953123174799,0.15427820932550435,-0.06095697685529126,0,1000000000.0,nan,nan,nan,nan,1,0.037750605,8,1479,0.0,-0.0,0.0,0.0,0.0,0.0,0.0,2.5,0.6,0.0,0.08,0.6,0.0,0.02,0.6,0.0,0.02,0.6,0.0,0.02,0.6,0.0,0.06,1.0,0.5,1.0,0.03,0.03
1773641076.0384798,,-1,-1,1,0.019227301,-0.0039001085901300353,0.007132691653960421,0.1537491151233391,-0.05019190094813194,0,1000000000.0,nan,nan,nan,nan,1,0.001680064,8,1479,0.0,-0.0,0.0,0.0,0.0,0.0,0.0,2.5,0.6,0.0,0.08,0.6,0.0,0.02,0.6,0.0,0.02,0.6,0.0,0.02,0.6,0.0,0.06,1.0,0.5,1.0,0.03,0.03
1773641076.0724838,,-1,-1,1,0.021965523,-0.003706022924123116,0.007457654889813269,0.15326707636387701,-0.05498243631290817,0,1000000000.0,nan,nan,nan,nan,1,0.002347336,8,1479,0.0,-0.0,0.0,0.0,0.0,0.0,0.0,2.5,0.6,0.0,0.08,0.6,0.0,0.02,0.6,0.0,0.02,0.6,0.0,0.02,0.6,0.0,0.06,1.0,0.5,1.0,0.03,0.03
1773641076.1091468,,-1,-1,1,0.004008069,-0.003584688028192287,0.007441994792532403,0.1543202649303616,-0.06734773224424016,0,1000000000.0,nan,nan,nan,nan,1,0.00327716,8,1479,0.0,-0.0,0.0,0.0,0.0,0.0,0.0,2.5,0.6,0.0,0.08,0.6,0.0,0.02,0.6,0.0,0.02,0.6,0.0,0.02,0.6,0.0,0.06,1.0,0.5,1.0,0.03,0.03
1773641076.1416116,,-1,-1,1,0.007962943,-0.0035214793653659156,0.007209354145171908,0.1539686474565055,-0.05008628092253381,0,1000000000.0,nan,nan,nan,nan,1,0.002923972,8,1479,0.0,-0.0,0.0,0.0,0.0,0.0,0.0,2.5,0.6,0.0,0.08,0.6,0.0,0.02,0.6,0.0,0.02,0.6,0.0,0.02,0.6,0.0,0.06,1.0,0.5,1.0,0.03,0.03
1773641076.1730835,,-1,-1,1,0.008739068,-0.003589565822359568,0.0071237240056041965,0.15385803948643986,-0.05314493774918732,0,1000000000.0,nan,nan,nan,nan,1,0.034511617,8,1479,0.0,-0.0,0.0,0.0,0.0,0.0,0.0,2.5,0.6,0.0,0.08,0.6,0.0,0.02,0.6,0.0,0.02,0.6,0.0,0.02,0.6,0.0,0.06,1.0,0.5,1.0,0.03,0.03
1773641076.2052543,,-1,-1,1,0.020487559,-0.0036996504282256412,0.007393205729214309,0.15446379301876212,-0.05208799976499758,0,1000000000.0,nan,nan,nan,nan,1,0.026440023,8,1479,0.0,-0.0,0.0,0.0,0.0,0.0,0.0,2.5,0.6,0.0,0.08,0.6,0.0,0.02,0.6,0.0,0.02,0.6,0.0,0.02,0.6,0.0,0.06,1.0,0.5,1.0,0.03,0.03
1773641076.2384481,,-1,-1,1,0.02217651,-0.003591278951313095,0.0072186555943254144,0.1546586166771214,-0.05943955474084606,0,1000000000.0,nan,nan,nan,nan,1,0.017367597,8,1479,0.0,-0.0,0.0,0.0,0.0,0.0,0.0,2.5,0.6,0.0,0.08,0.6,0.0,0.02,0.6,0.0,0.02,0.6,0.0,0.02,0.6,0.0,0.06,1.0,0.5,1.0,0.03,0.03
1773641076.2752717,,-1,-1,1,0.019560771,-0.003685587372295414,0.0071703155394834545,0.153933244371131,-0.050856355007755316,0,1000000000.0,nan,nan,nan,nan,1,0.013285576,8,1479,0.0,-0.0,0.0,0.0,0.0,0.0,0.0,2.5,0.6,0.0,0.08,0.6,0.0,0.02,0.6,0.0,0.02,0.6,0.0,0.02,0.6,0.0,0.06,1.0,0.5,1.0,0.03,0.03
1773641076.3098,,-1,-1,1,0.024350168,-0.0036469945922836464,0.007348373925944805,0.15398174407904283,-0.06430526137622856,0,1000000000.0,nan,nan,nan,nan,1,0.043941916,8,1479,0.0,-0.0,0.0,0.0,0.0,0.0,0.0,2.5,0.6,0.0,0.08,0.6,0.0,0.02,0.6,0.0,0.02,0.6,0.0,0.02,0.6,0.0,0.06,1.0,0.5,1.0,0.03,0.03
1773641076.3409836,,-1,-1,1,0.023062489,-0.0034796928098654234,0.0073339535640332305,0.15405758166665826,-0.05886570597636725,0,1000000000.0,nan,nan,nan,nan,1,0.007628863,8,1479,0.0,-0.0,0.0,0.0,0.0,0.0,0.0,2.5,0.6,0.0,0.08,0.6,0.0,0.02,0.6,0.0,0.02,0.6,0.0,0.02,0.6,0.0,0.06,1.0,0.5,1.0,0.03,0.03
1773641076.3854365,,-1,-1,1,0.024671786,-0.0038096953171959896,0.007197166210071917,0.1530980347988455,-0.04240454150882706,0,1000000000.0,nan,nan,nan,nan,1,0.016785758,8,1479,0.0,-0.0,0.0,0.0,0.0,0.0,0.0,2.5,0.6,0.0,0.08,0.6,0.0,0.02,0.6,0.0,0.02,0.6,0.0,0.02,0.6,0.0,0.06,1.0,0.5,1.0,0.03,0.03
1773641076.406402,,-1,-1,1,0.005336242,-0.003639083716111565,0.0072256274583604235,0.15444841117767233,-0.05772827476407984,0,1000000000.0,nan,nan,nan,nan,1,0.001325377,8,1479,0.0,-0.0,0.0,0.0,0.0,0.0,0.0,2.5,0.6,0.0,0.08,0.6,0.0,0.02,0.6,0.0,0.02,0.6,0.0,0.02,0.6,0.0,0.06,1.0,0.5,1.0,0.03,0.03
1773641076.4385767,,-1,-1,1,0.037632393,-0.003639083716111565,0.0072256274583604235,0.15444841117767233,-0.05772827476407984,0,1000000000.0,nan,nan,nan,nan,1,0.002111481,8,1479,0.0,-0.0,0.0,0.0,0.0,0.0,0.0,2.5,0.6,0.0,0.08,0.6,0.0,0.02,0.6,0.0,0.02,0.6,0.0,0.02,0.6,0.0,0.06,1.0,0.5,1.0,0.03,0.03
1773641076.4795156,,-1,-1,1,0.017638705,-0.003745800077299339,0.00733084013762461,0.15448177817773232,-0.055212465701138164,0,1000000000.0,nan,nan,nan,nan,1,0.007753974,8,1479,0.0,-0.0,0.0,0.0,0.0,0.0,0.0,2.5,0.6,0.0,0.08,0.6,0.0,0.02,0.6,0.0,0.02,0.6,0.0,0.02,0.6,0.0,0.06,1.0,0.5,1.0,0.03,0.03
1773641076.505876,,-1,-1,1,0.013259246,-0.0035414041832206463,0.00728848335573708,0.15432252055197687,-0.0547059844839994,0,1000000000.0,nan,nan,nan,nan,1,0.034242971,8,1479,0.0,-0.0,0.0,0.0,0.0,0.0,0.0,2.5,0.6,0.0,0.08,0.6,0.0,0.02,0.6,0.0,0.02,0.6,0.0,0.02,0.6,0.0,0.06,1.0,0.5,1.0,0.03,0.03
1773641076.5393255,,-1,-1,1,0.019359911,-0.0035214793653659156,0.007209354145171908,0.1539686474565055,-0.05008628092253381,0,1000000000.0,nan,nan,nan,nan,1,0.005688578,8,1479,0.0,-0.0,0.0,0.0,0.0,0.0,0.0,2.5,0.6,0.0,0.08,0.6,0.0,0.02,0.6,0.0,0.02,0.6,0.0,0.02,0.6,0.0,0.06,1.0,0.5,1.0,0.03,0.03
1773641076.5723038,,-1,-1,1,0.025299026,-0.0035414041832206463,0.00728848335573708,0.15432252055197687,-0.0547059844839994,0,1000000000.0,nan,nan,nan,nan,1,0.004520937,8,1479,0.0,-0.0,0.0,0.0,0.0,0.0,0.0,2.5,0.6,0.0,0.08,0.6,0.0,0.02,0.6,0.0,0.02,0.6,0.0,0.02,0.6,0.0,0.06,1.0,0.5,1.0,0.03,0.03
1773641076.6050003,,-1,-1,1,0.013731805,-0.0035320669938312343,0.007340221895887982,0.15443934833199152,-0.06308882808691565,0,1000000000.0,nan,nan,nan,nan,1,0.004323301,8,1479,0.0,-0.0,0.0,0.0,0.0,0.0,0.0,2.5,0.6,0.0,0.08,0.6,0.0,0.02,0.6,0.0,0.02,0.6,0.0,0.02,0.6,0.0,0.06,1.0,0.5,1.0,0.03,0.03
1773641076.6414468,,-1,-1,1,0.005301636,-0.003639083716111565,0.0072256274583604235,0.15444841117767233,-0.05772827476407984,0,1000000000.0,nan,nan,nan,nan,1,0.009270619,8,1479,0.0,-0.0,0.0,0.0,0.0,0.0,0.0,2.5,0.6,0.0,0.08,0.6,0.0,0.02,0.6,0.0,0.02,0.6,0.0,0.02,0.6,0.0,0.06,1.0,0.5,1.0,0.03,0.03
1773641076.6749964,,-1,-1,1,0.037169295,-0.003639083716111565,0.0072256274583604235,0.15444841117767233,-0.05772827476407984,0,1000000000.0,nan,nan,nan,nan,1,0.006210908,8,1479,0.0,-0.0,0.0,0.0,0.0,0.0,0.0,2.5,0.6,0.0,0.08,0.6,0.0,0.02,0.6,0.0,0.02,0.6,0.0,0.02,0.6,0.0,0.06,1.0,0.5,1.0,0.03,0.03
1773641076.7080464,,-1,-1,1,0.029544987,-0.003589565822359568,0.0071237240056041965,0.15385803948643986,-0.05314493774918732,0,1000000000.0,nan,nan,nan,nan,1,0.003515457,8,1479,0.0,-0.0,0.0,0.0,0.0,0.0,0.0,2.5,0.6,0.0,0.08,0.6,0.0,0.02,0.6,0.0,0.02,0.6,0.0,0.02,0.6,0.0,0.06,1.0,0.5,1.0,0.03,0.03
1773641076.7490106,,-1,-1,1,0.02021621,-0.0035042846848460985,0.00717007162000788,0.15375731177052446,-0.05627178495942565,0,1000000000.0,nan,nan,nan,nan,1,0.044315748,8,1479,0.0,-0.0,0.0,0.0,0.0,0.0,0.0,2.5,0.6,0.0,0.08,0.6,0.0,0.02,0.6,0.0,0.02,0.6,0.0,0.02,0.6,0.0,0.06,1.0,0.5,1.0,0.03,0.03
1773641076.7716384,,-1,-1,1,0.042820378,-0.0035042846848460985,0.00717007162000788,0.15375731177052446,-0.05627178495942565,0,1000000000.0,nan,nan,nan,nan,1,0.002479557,8,1479,0.0,-0.0,0.0,0.0,0.0,0.0,0.0,2.5,0.6,0.0,0.08,0.6,0.0,0.02,0.6,0.0,0.02,0.6,0.0,0.02,0.6,0.0,0.06,1.0,0.5,1.0,0.03,0.03
1773641076.8070605,,-1,-1,1,0.009013324,-0.0039073345518673835,0.0071804405888946194,0.15314209845252155,-0.051267357281279805,0,1000000000.0,nan,nan,nan,nan,1,0.003199856,8,1479,0.0,-0.0,0.0,0.0,0.0,0.0,0.0,2.5,0.6,0.0,0.08,0.6,0.0,0.02,0.6,0.0,0.02,0.6,0.0,0.02,0.6,0.0,0.06,1.0,0.5,1.0,0.03,0.03
1773641076.8454769,,-1,-1,1,0.028974886,-0.003639083716111565,0.0072256274583604235,0.15444841117767233,-0.05772827476407984,0,1000000000.0,nan,nan,nan,nan,1,0.008328981,8,1479,0.0,-0.0,0.0,0.0,0.0,0.0,0.0,2.5,0.6,0.0,0.08,0.6,0.0,0.02,0.6,0.0,0.02,0.6,0.0,0.02,0.6,0.0,0.06,1.0,0.5,1.0,0.03,0.03
1773641076.8722079,,-1,-1,1,0.002592817,-0.003639083716111565,0.0072256274583604235,0.15444841117767233,-0.05772827476407984,0,1000000000.0,nan,nan,nan,nan,1,0.002493888,8,1479,0.0,-0.0,0.0,0.0,0.0,0.0,0.0,2.5,0.6,0.0,0.08,0.6,0.0,0.02,0.6,0.0,0.02,0.6,0.0,0.02,0.6,0.0,0.06,1.0,0.5,1.0,0.03,0.03
1773641076.9056695,,-1,-1,1,0.00190355,-0.003452789737103306,0.007395953123174799,0.15427820932550435,-0.06095697685529126,0,1000000000.0,nan,nan,nan,nan,1,0.035132672,8,1479,0.0,-0.0,0.0,0.0,0.0,0.0,0.0,2.5,0.6,0.0,0.08,0.6,0.0,0.02,0.6,0.0,0.02,0.6,0.0,0.02,0.6,0.0,0.06,1.0,0.5,1.0,0.03,0.03
1773641076.9383903,,-1,-1,1,0.034710087,-0.003452789737103306,0.007395953123174799,0.15427820932550435,-0.06095697685529126,0,1000000000.0,nan,nan,nan,nan,1,0.003137699,8,1479,0.0,-0.0,0.0,0.0,0.0,0.0,0.0,2.5,0.6,0.0,0.08,0.6,0.0,0.02,0.6,0.0,0.02,0.6,0.0,0.02,0.6,0.0,0.06,1.0,0.5,1.0,0.03,0.03
1773641076.9726305,,-1,-1,1,0.024972946,-0.003685587372295414,0.0071703155394834545,0.153933244371131,-0.050856355007755316,0,1000000000.0,nan,nan,nan,nan,1,0.037226601,8,1479,0.0,-0.0,0.0,0.0,0.0,0.0,0.0,2.5,0.6,0.0,0.08,0.6,0.0,0.02,0.6,0.0,0.02,0.6,0.0,0.02,0.6,0.0,0.06,1.0,0.5,1.0,0.03,0.03
1773641077.0051153,,-1,-1,1,0.030391102,-0.0037021194234114377,0.007269610685985227,0.1542195320330773,-0.05712861540161464,0,1000000000.0,nan,nan,nan,nan,1,0.002934823,8,1479,0.0,-0.0,0.0,0.0,0.0,0.0,0.0,2.5,0.6,0.0,0.08,0.6,0.0,0.02,0.6,0.0,0.02,0.6,0.0,0.02,0.6,0.0,0.06,1.0,0.5,1.0,0.03,0.03
1773641077.0387745,,-1,-1,1,0.002366074,-0.0034796928098654234,0.0073339535640332305,0.15405758166665826,-0.05886570597636725,0,1000000000.0,nan,nan,nan,nan,1,0.00173115,8,1479,0.0,-0.0,0.0,0.0,0.0,0.0,0.0,2.5,0.6,0.0,0.08,0.6,0.0,0.02,0.6,0.0,0.02,0.6,0.0,0.02,0.6,0.0,0.06,1.0,0.5,1.0,0.03,0.03
1773641077.0731254,,-1,-1,1,0.007873829,-0.0034796928098654234,0.0073339535640332305,0.15405758166665826,-0.05886570597636725,0,1000000000.0,nan,nan,nan,nan,1,0.004942876,8,1479,0.0,-0.0,0.0,0.0,0.0,0.0,0.0,2.5,0.6,0.0,0.08,0.6,0.0,0.02,0.6,0.0,0.02,0.6,0.0,0.02,0.6,0.0,0.06,1.0,0.5,1.0,0.03,0.03
1773641077.105446,,-1,-1,1,0.00374074,-0.0035320669938312343,0.007340221895887982,0.15443934833199152,-0.06308882808691565,0,1000000000.0,nan,nan,nan,nan,1,0.00271643,8,1479,0.0,-0.0,0.0,0.0,0.0,0.0,0.0,2.5,0.6,0.0,0.08,0.6,0.0,0.02,0.6,0.0,0.02,0.6,0.0,0.02,0.6,0.0,0.06,1.0,0.5,1.0,0.03,0.03
1773641077.1383367,,-1,-1,1,0.011066743,-0.0035320669938312343,0.007340221895887982,0.15443934833199152,-0.06308882808691565,0,1000000000.0,nan,nan,nan,nan,1,0.003932211,8,1479,0.0,-0.0,0.0,0.0,0.0,0.0,0.0,2.5,0.6,0.0,0.08,0.6,0.0,0.02,0.6,0.0,0.02,0.6,0.0,0.02,0.6,0.0,0.06,1.0,0.5,1.0,0.03,0.03
1773641077.1735997,,-1,-1,1,0.01939793,-0.0035810368901741654,0.007385257766578035,0.1537220747212544,-0.0524951975612028,0,1000000000.0,nan,nan,nan,nan,1,0.005422268,8,1479,0.0,-0.0,0.0,0.0,0.0,0.0,0.0,2.5,0.6,0.0,0.08,0.6,0.0,0.02,0.6,0.0,0.02,0.6,0.0,0.02,0.6,0.0,0.06,1.0,0.5,1.0,0.03,0.03
1773641077.2055347,,-1,-1,1,0.015181984,-0.0038562290921904012,0.007338547834128681,0.15390283621152084,-0.048683569467816545,0,1000000000.0,nan,nan,nan,nan,1,0.037249554,8,1479,0.0,-0.0,0.0,0.0,0.0,0.0,0.0,2.5,0.6,0.0,0.08,0.6,0.0,0.02,0.6,0.0,0.02,0.6,0.0,0.02,0.6,0.0,0.06,1.0,0.5,1.0,0.03,0.03
1773641077.238715,,-1,-1,1,0.048374993,-0.0038562290921904012,0.007338547834128681,0.15390283621152084,-0.048683569467816545,0,1000000000.0,nan,nan,nan,nan,1,0.0030621,8,1479,0.0,-0.0,0.0,0.0,0.0,0.0,0.0,2.5,0.6,0.0,0.08,0.6,0.0,0.02,0.6,0.0,0.02,0.6,0.0,0.02,0.6,0.0,0.06,1.0,0.5,1.0,0.03,0.03
1773641077.2736845,,-1,-1,1,0.02393309,-0.003639083716111565,0.0072256274583604235,0.15444841117767233,-0.05772827476407984,0,1000000000.0,nan,nan,nan,nan,1,0.001944914,8,1479,0.0,-0.0,0.0,0.0,0.0,0.0,0.0,2.5,0.6,0.0,0.08,0.6,0.0,0.02,0.6,0.0,0.02,0.6,0.0,0.02,0.6,0.0,0.06,1.0,0.5,1.0,0.03,0.03
1773641077.3090255,,-1,-1,1,0.015714348,-0.0037021194234114377,0.007269610685985227,0.1542195320330773,-0.05712861540161464,0,1000000000.0,nan,nan,nan,nan,1,0.037293844,8,1479,0.0,-0.0,0.0,0.0,0.0,0.0,0.0,2.5,0.6,0.0,0.08,0.6,0.0,0.02,0.6,0.0,0.02,0.6,0.0,0.02,0.6,0.0,0.06,1.0,0.5,1.0,0.03,0.03
1773641077.3416524,,-1,-1,1,0.018864269,-0.0037054327256773453,0.007166356443984544,0.1540759925171939,-0.0569995907176826,0,1000000000.0,nan,nan,nan,nan,1,0.005465262,8,1479,0.0,-0.0,0.0,0.0,0.0,0.0,0.0,2.5,0.6,0.0,0.08,0.6,0.0,0.02,0.6,0.0,0.02,0.6,0.0,0.02,0.6,0.0,0.06,1.0,0.5,1.0,0.03,0.03
1773641077.376615,,-1,-1,1,0.024118692,-0.0036623539036974794,0.007232127420517914,0.15413607820508912,-0.049378007216064126,0,1000000000.0,nan,nan,nan,nan,1,0.009106535,8,1479,0.0,-0.0,0.0,0.0,0.0,0.0,0.0,2.5,0.6,0.0,0.08,0.6,0.0,0.02,0.6,0.0,0.02,0.6,0.0,0.02,0.6,0.0,0.06,1.0,0.5,1.0,0.03,0.03
1773641077.404824,,-1,-1,1,0.051825498,-0.0036623539036974794,0.007232127420517914,0.15413607820508912,-0.049378007216064126,0,1000000000.0,nan,nan,nan,nan,1,0.001710283,8,1479,0.0,-0.0,0.0,0.0,0.0,0.0,0.0,2.5,0.6,0.0,0.08,0.6,0.0,0.02,0.6,0.0,0.02,0.6,0.0,0.02,0.6,0.0,0.06,1.0,0.5,1.0,0.03,0.03
1773641077.4384816,,-1,-1,1,0.030449158,-0.003452789737103306,0.007395953123174799,0.15427820932550435,-0.06095697685529126,0,1000000000.0,nan,nan,nan,nan,1,0.001442971,8,1479,0.0,-0.0,0.0,0.0,0.0,0.0,0.0,2.5,0.6,0.0,0.08,0.6,0.0,0.02,0.6,0.0,0.02,0.6,0.0,0.02,0.6,0.0,0.06,1.0,0.5,1.0,0.03,0.03
1773641077.4723485,,-1,-1,1,0.005013847,-0.0037235802282970638,0.007382044997251491,0.15416751024684533,-0.05821584500947043,0,1000000000.0,nan,nan,nan,nan,1,0.001847041,8,1479,0.0,-0.0,0.0,0.0,0.0,0.0,0.0,2.5,0.6,0.0,0.08,0.6,0.0,0.02,0.6,0.0,0.02,0.6,0.0,0.02,0.6,0.0,0.06,1.0,0.5,1.0,0.03,0.03
1773641077.5070431,,-1,-1,1,0.010851701,-0.0037054327256773453,0.007166356443984544,0.1540759925171939,-0.0569995907176826,0,1000000000.0,nan,nan,nan,nan,1,0.004087115,8,1479,0.0,-0.0,0.0,0.0,0.0,0.0,0.0,2.5,0.6,0.0,0.08,0.6,0.0,0.02,0.6,0.0,0.02,0.6,0.0,0.02,0.6,0.0,0.06,1.0,0.5,1.0,0.03,0.03
1773641077.5385947,,-1,-1,1,0.010682801,-0.0037054327256773453,0.007166356443984544,0.1540759925171939,-0.0569995907176826,0,1000000000.0,nan,nan,nan,nan,1,0.035366112,8,1479,0.0,-0.0,0.0,0.0,0.0,0.0,0.0,2.5,0.6,0.0,0.08,0.6,0.0,0.02,0.6,0.0,0.02,0.6,0.0,0.02,0.6,0.0,0.06,1.0,0.5,1.0,0.03,0.03
1773641077.5718608,,-1,-1,1,0.012454481,-0.00357303426906055,0.007271866164144306,0.15419330129472664,-0.06089961289199921,0,1000000000.0,nan,nan,nan,nan,1,0.003204968,8,1479,0.0,-0.0,0.0,0.0,0.0,0.0,0.0,2.5,0.6,0.0,0.08,0.6,0.0,0.02,0.6,0.0,0.02,0.6,0.0,0.02,0.6,0.0,0.06,1.0,0.5,1.0,0.03,0.03
1773641077.6051118,,-1,-1,1,0.008792711,-0.003639083716111565,0.0072256274583604235,0.15444841117767233,-0.05772827476407984,0,1000000000.0,nan,nan,nan,nan,1,0.001999629,8,1479,0.0,-0.0,0.0,0.0,0.0,0.0,0.0,2.5,0.6,0.0,0.08,0.6,0.0,0.02,0.6,0.0,0.02,0.6,0.0,0.02,0.6,0.0,0.06,1.0,0.5,1.0,0.03,0.03
1773641077.6384776,,-1,-1,1,0.015741252,-0.0035320669938312343,0.007340221895887982,0.15443934833199152,-0.06308882808691565,0,1000000000.0,nan,nan,nan,nan,1,0.002969169,8,1479,0.0,-0.0,0.0,0.0,0.0,0.0,0.0,2.5,0.6,0.0,0.08,0.6,0.0,0.02,0.6,0.0,0.02,0.6,0.0,0.02,0.6,0.0,0.06,1.0,0.5,1.0,0.03,0.03
1773641077.6727135,,-1,-1,1,0.016175724,-0.0035895575029366994,0.007446815303436884,0.15365249357125144,-0.05859438183482533,0,1000000000.0,nan,nan,nan,nan,1,0.004304897,8,1479,0.0,-0.0,0.0,0.0,0.0,0.0,0.0,2.5,0.6,0.0,0.08,0.6,0.0,0.02,0.6,0.0,0.02,0.6,0.0,0.02,0.6,0.0,0.06,1.0,0.5,1.0,0.03,0.03
1773641077.7098343,,-1,-1,1,0.001777125,-0.0036996504282256412,0.007393205729214309,0.15446379301876212,-0.05208799976499758,0,1000000000.0,nan,nan,nan,nan,1,0.041243738,8,1479,0.0,-0.0,0.0,0.0,0.0,0.0,0.0,2.5,0.6,0.0,0.08,0.6,0.0,0.02,0.6,0.0,0.02,0.6,0.0,0.02,0.6,0.0,0.06,1.0,0.5,1.0,0.03,0.03
1773641077.7393177,,-1,-1,1,0.010718221,-0.003438228337834413,0.007299649151461876,0.15401997341731094,-0.05539474764326701,0,1000000000.0,nan,nan,nan,nan,1,0.005429155,8,1479,0.0,-0.0,0.0,0.0,0.0,0.0,0.0,2.5,0.6,0.0,0.08,0.6,0.0,0.02,0.6,0.0,0.02,0.6,0.0,0.02,0.6,0.0,0.06,1.0,0.5,1.0,0.03,0.03
1773641077.772289,,-1,-1,1,0.043467037,-0.003438228337834413,0.007299649151461876,0.15401997341731094,-0.05539474764326701,0,1000000000.0,nan,nan,nan,nan,1,0.005286121,8,1479,0.0,-0.0,0.0,0.0,0.0,0.0,0.0,2.5,0.6,0.0,0.08,0.6,0.0,0.02,0.6,0.0,0.02,0.6,0.0,0.02,0.6,0.0,0.06,1.0,0.5,1.0,0.03,0.03
1773641077.8050227,,-1,-1,1,0.002133794,-0.00365905446213439,0.007334973343536147,0.15428162008335608,-0.049486564193994394,0,1000000000.0,nan,nan,nan,nan,1,0.001356095,8,1479,0.0,-0.0,0.0,0.0,0.0,0.0,0.0,2.5,0.6,0.0,0.08,0.6,0.0,0.02,0.6,0.0,0.02,0.6,0.0,0.02,0.6,0.0,0.06,1.0,0.5,1.0,0.03,0.03
1773641077.8390033,,-1,-1,1,0.007223574,-0.0035042846848460985,0.00717007162000788,0.15375731177052446,-0.05627178495942565,0,1000000000.0,nan,nan,nan,nan,1,0.002432045,8,1479,0.0,-0.0,0.0,0.0,0.0,0.0,0.0,2.5,0.6,0.0,0.08,0.6,0.0,0.02,0.6,0.0,0.02,0.6,0.0,0.02,0.6,0.0,0.06,1.0,0.5,1.0,0.03,0.03
1773641077.8741987,,-1,-1,1,0.009640919,-0.0036384121806945584,0.00709916551287374,0.1537505384141138,-0.05402692014633526,0,1000000000.0,nan,nan,nan,nan,1,0.005656622,8,1479,0.0,-0.0,0.0,0.0,0.0,0.0,0.0,2.5,0.6,0.0,0.08,0.6,0.0,0.02,0.6,0.0,0.02,0.6,0.0,0.02,0.6,0.0,0.06,1.0,0.5,1.0,0.03,0.03
1773641077.907653,,-1,-1,1,0.01514884,-0.003647535478176589,0.007384486409730754,0.15386367369398884,-0.0582285372891492,0,1000000000.0,nan,nan,nan,nan,1,0.00234691,8,1479,0.0,-0.0,0.0,0.0,0.0,0.0,0.0,2.5,0.6,0.0,0.08,0.6,0.0,0.02,0.6,0.0,0.02,0.6,0.0,0.02,0.6,0.0,0.06,1.0,0.5,1.0,0.03,0.03
1773641077.9416828,,-1,-1,1,0.019731955,-0.0036217685154687897,0.007347867968151309,0.1536850080817443,-0.05567901893070197,0,1000000000.0,nan,nan,nan,nan,1,0.036428232,8,1479,0.0,-0.0,0.0,0.0,0.0,0.0,0.0,2.5,0.6,0.0,0.08,0.6,0.0,0.02,0.6,0.0,0.02,0.6,0.0,0.02,0.6,0.0,0.06,1.0,0.5,1.0,0.03,0.03
1773641077.9764001,,-1,-1,1,0.004808026,-0.00366175826978612,0.0070541334428286945,0.1538232935536454,-0.04849373963594548,0,1000000000.0,nan,nan,nan,nan,1,0.003198321,8,1479,0.0,-0.0,0.0,0.0,0.0,0.0,0.0,2.5,0.6,0.0,0.08,0.6,0.0,0.02,0.6,0.0,0.02,0.6,0.0,0.02,0.6,0.0,0.06,1.0,0.5,1.0,0.03,0.03
1773641078.005254,,-1,-1,1,0.013947538,-0.0036360643705674565,0.007175535794980474,0.15413135954115353,-0.05324110341578995,0,1000000000.0,nan,nan,nan,nan,1,0.031841137,8,1479,0.0,-0.0,0.0,0.0,0.0,0.0,0.0,2.5,0.6,0.0,0.08,0.6,0.0,0.02,0.6,0.0,0.02,0.6,0.0,0.02,0.6,0.0,0.06,1.0,0.5,1.0,0.03,0.03
1773641078.0394306,,-1,-1,1,0.001363224,-0.003589565822359568,0.0071237240056041965,0.15385803948643986,-0.05314493774918732,0,1000000000.0,nan,nan,nan,nan,1,0.005319414,8,1479,0.0,-0.0,0.0,0.0,0.0,0.0,0.0,2.5,0.6,0.0,0.08,0.6,0.0,0.02,0.6,0.0,0.02,0.6,0.0,0.02,0.6,0.0,0.06,1.0,0.5,1.0,0.03,0.03
1773641078.0718873,,-1,-1,1,0.033790302,-0.003589565822359568,0.0071237240056041965,0.15385803948643986,-0.05314493774918732,0,1000000000.0,nan,nan,nan,nan,1,0.001519904,8,1479,0.0,-0.0,0.0,0.0,0.0,0.0,0.0,2.5,0.6,0.0,0.08,0.6,0.0,0.02,0.6,0.0,0.02,0.6,0.0,0.02,0.6,0.0,0.06,1.0,0.5,1.0,0.03,0.03
1773641078.1053405,,-1,-1,1,0.022967185,-0.0035519492191982806,0.007472289926951121,0.15383521328739205,-0.055360534736600964,0,1000000000.0,nan,nan,nan,nan,1,0.004661827,8,1479,0.0,-0.0,0.0,0.0,0.0,0.0,0.0,2.5,0.6,0.0,0.08,0.6,0.0,0.02,0.6,0.0,0.02,0.6,0.0,0.02,0.6,0.0,0.06,1.0,0.5,1.0,0.03,0.03
1773641078.1388838,,-1,-1,1,0.006919825,-0.0036384121806945584,0.00709916551287374,0.1537505384141138,-0.05402692014633526,0,1000000000.0,nan,nan,nan,nan,1,0.002482835,8,1479,0.0,-0.0,0.0,0.0,0.0,0.0,0.0,2.5,0.6,0.0,0.08,0.6,0.0,0.02,0.6,0.0,0.02,0.6,0.0,0.02,0.6,0.0,0.06,1.0,0.5,1.0,0.03,0.03
1773641078.1717927,,-1,-1,1,0.005076617,-0.0035360850919625405,0.007154611984678181,0.1537410321482006,-0.056788454011915936,0,1000000000.0,nan,nan,nan,nan,1,0.003358464,8,1479,0.0,-0.0,0.0,0.0,0.0,0.0,0.0,2.5,0.6,0.0,0.08,0.6,0.0,0.02,0.6,0.0,0.02,0.6,0.0,0.02,0.6,0.0,0.06,1.0,0.5,1.0,0.03,0.03
1773641078.2059386,,-1,-1,1,0.012980704,-0.0035895575029366994,0.007446815303436884,0.15365249357125144,-0.05859438183482533,0,1000000000.0,nan,nan,nan,nan,1,0.005385683,8,1479,0.0,-0.0,0.0,0.0,0.0,0.0,0.0,2.5,0.6,0.0,0.08,0.6,0.0,0.02,0.6,0.0,0.02,0.6,0.0,0.02,0.6,0.0,0.06,1.0,0.5,1.0,0.03,0.03
1773641078.2384667,,-1,-1,1,0.006644848,-0.0034872211744377043,0.007476580513584709,0.15427754405586963,-0.06510544195729417,0,1000000000.0,nan,nan,nan,nan,1,0.003826673,8,1479,0.0,-0.0,0.0,0.0,0.0,0.0,0.0,2.5,0.6,0.0,0.08,0.6,0.0,0.02,0.6,0.0,0.02,0.6,0.0,0.02,0.6,0.0,0.06,1.0,0.5,1.0,0.03,0.03
1773641078.2727149,,-1,-1,1,0.010450024,-0.0035810368901741654,0.007385257766578035,0.1537220747212544,-0.0524951975612028,0,1000000000.0,nan,nan,nan,nan,1,0.005150273,8,1479,0.0,-0.0,0.0,0.0,0.0,0.0,0.0,2.5,0.6,0.0,0.08,0.6,0.0,0.02,0.6,0.0,0.02,0.6,0.0,0.02,0.6,0.0,0.06,1.0,0.5,1.0,0.03,0.03
1773641078.308872,,-1,-1,1,0.012699727,-0.0035320669938312343,0.007340221895887982,0.15443934833199152,-0.06308882808691565,0,1000000000.0,nan,nan,nan,nan,1,0.008290122,8,1479,0.0,-0.0,0.0,0.0,0.0,0.0,0.0,2.5,0.6,0.0,0.08,0.6,0.0,0.02,0.6,0.0,0.02,0.6,0.0,0.02,0.6,0.0,0.06,1.0,0.5,1.0,0.03,0.03
1773641078.3382828,,-1,-1,1,0.004143978,-0.0038300211944519743,0.007084728894185019,0.15363389845994735,-0.05443574959123288,0,1000000000.0,nan,nan,nan,nan,1,0.003580654,8,1479,0.0,-0.0,0.0,0.0,0.0,0.0,0.0,2.5,0.6,0.0,0.08,0.6,0.0,0.02,0.6,0.0,0.02,0.6,0.0,0.02,0.6,0.0,0.06,1.0,0.5,1.0,0.03,0.03
1773641078.3767893,,-1,-1,1,0.01062959,-0.0035572882776140928,0.007156729357677339,0.1534963595854759,-0.0541879802730375,0,1000000000.0,nan,nan,nan,nan,1,0.009278364,8,1479,0.0,-0.0,0.0,0.0,0.0,0.0,0.0,2.5,0.6,0.0,0.08,0.6,0.0,0.02,0.6,0.0,0.02,0.6,0.0,0.02,0.6,0.0,0.06,1.0,0.5,1.0,0.03,0.03
1773641078.4050634,,-1,-1,1,0.006327599,-0.003685587372295414,0.0071703155394834545,0.153933244371131,-0.050856355007755316,0,1000000000.0,nan,nan,nan,nan,1,0.002661124,8,1479,0.0,-0.0,0.0,0.0,0.0,0.0,0.0,2.5,0.6,0.0,0.08,0.6,0.0,0.02,0.6,0.0,0.02,0.6,0.0,0.02,0.6,0.0,0.06,1.0,0.5,1.0,0.03,0.03
1773641078.4383976,,-1,-1,1,0.039645304,-0.003685587372295414,0.0071703155394834545,0.153933244371131,-0.050856355007755316,0,1000000000.0,nan,nan,nan,nan,1,0.00472104,8,1479,0.0,-0.0,0.0,0.0,0.0,0.0,0.0,2.5,0.6,0.0,0.08,0.6,0.0,0.02,0.6,0.0,0.02,0.6,0.0,0.02,0.6,0.0,0.06,1.0,0.5,1.0,0.03,0.03
1773641078.4717445,,-1,-1,1,0.03056478,-0.003745800077299339,0.00733084013762461,0.15448177817773232,-0.055212465701138164,0,1000000000.0,nan,nan,nan,nan,1,0.004626295,8,1479,0.0,-0.0,0.0,0.0,0.0,0.0,0.0,2.5,0.6,0.0,0.08,0.6,0.0,0.02,0.6,0.0,0.02,0.6,0.0,0.02,0.6,0.0,0.06,1.0,0.5,1.0,0.03,0.03
1773641078.505794,,-1,-1,1,0.002670363,-0.003544949514523655,0.007212203516405687,0.15400661158715517,-0.055773013598068764,0,1000000000.0,nan,nan,nan,nan,1,0.038679965,8,1479,0.0,-0.0,0.0,0.0,0.0,0.0,0.0,2.5,0.6,0.0,0.08,0.6,0.0,0.02,0.6,0.0,0.02,0.6,0.0,0.02,0.6,0.0,0.06,1.0,0.5,1.0,0.03,0.03
1773641078.5385067,,-1,-1,1,0.003278347,-0.0035320669938312343,0.007340221895887982,0.15443934833199152,-0.06308882808691565,0,1000000000.0,nan,nan,nan,nan,1,0.00243088,8,1479,0.0,-0.0,0.0,0.0,0.0,0.0,0.0,2.5,0.6,0.0,0.08,0.6,0.0,0.02,0.6,0.0,0.02,0.6,0.0,0.02,0.6,0.0,0.06,1.0,0.5,1.0,0.03,0.03
1773641078.5717595,,-1,-1,1,0.010929268,-0.0037374999937583226,0.007581277556383255,0.15343020567763577,-0.05939650517299301,0,1000000000.0,nan,nan,nan,nan,1,0.004547251,8,1479,0.0,-0.0,0.0,0.0,0.0,0.0,0.0,2.5,0.6,0.0,0.08,0.6,0.0,0.02,0.6,0.0,0.02,0.6,0.0,0.02,0.6,0.0,0.06,1.0,0.5,1.0,0.03,0.03
1773641078.6225488,,-1,-1,1,0.062216918,-0.0037374999937583226,0.007581277556383255,0.15343020567763577,-0.05939650517299301,0,1000000000.0,nan,nan,nan,nan,1,0.013833188,8,1479,0.0,-0.0,0.0,0.0,0.0,0.0,0.0,2.5,0.6,0.0,0.08,0.6,0.0,0.02,0.6,0.0,0.02,0.6,0.0,0.02,0.6,0.0,0.06,1.0,0.5,1.0,0.03,0.03
1773641078.6405175,,-1,-1,1,0.014389698,-0.003452789737103306,0.007395953123174799,0.15427820932550435,-0.06095697685529126,0,1000000000.0,nan,nan,nan,nan,1,0.001306917,8,1479,0.0,-0.0,0.0,0.0,0.0,0.0,0.0,2.5,0.6,0.0,0.08,0.6,0.0,0.02,0.6,0.0,0.02,0.6,0.0,0.02,0.6,0.0,0.06,1.0,0.5,1.0,0.03,0.03
1773641078.671688,,-1,-1,1,0.020951281,-0.0035604660644365,0.007139628170440856,0.15380487011408986,-0.05211984865318851,0,1000000000.0,nan,nan,nan,nan,1,0.003764941,8,1479,0.0,-0.0,0.0,0.0,0.0,0.0,0.0,2.5,0.6,0.0,0.08,0.6,0.0,0.02,0.6,0.0,0.02,0.6,0.0,0.02,0.6,0.0,0.06,1.0,0.5,1.0,0.03,0.03
1773641078.7060664,,-1,-1,1,0.018483943,-0.003438228337834413,0.007299649151461876,0.15401997341731094,-0.05539474764326701,0,1000000000.0,nan,nan,nan,nan,1,0.003509553,8,1479,0.0,-0.0,0.0,0.0,0.0,0.0,0.0,2.5,0.6,0.0,0.08,0.6,0.0,0.02,0.6,0.0,0.02,0.6,0.0,0.02,0.6,0.0,0.06,1.0,0.5,1.0,0.03,0.03
1773641078.738389,,-1,-1,1,0.006705024,-0.00357303426906055,0.007271866164144306,0.15419330129472664,-0.06089961289199921,0,1000000000.0,nan,nan,nan,nan,1,0.00374237,8,1479,0.0,-0.0,0.0,0.0,0.0,0.0,0.0,2.5,0.6,0.0,0.08,0.6,0.0,0.02,0.6,0.0,0.02,0.6,0.0,0.02,0.6,0.0,0.06,1.0,0.5,1.0,0.03,0.03
1773641078.7729697,,-1,-1,1,0.007619426,-0.0034680622405074244,0.007268392387252825,0.15388048329046394,-0.05484154144839537,0,1000000000.0,nan,nan,nan,nan,1,0.037927002,8,1479,0.0,-0.0,0.0,0.0,0.0,0.0,0.0,2.5,0.6,0.0,0.08,0.6,0.0,0.02,0.6,0.0,0.02,0.6,0.0,0.02,0.6,0.0,0.06,1.0,0.5,1.0,0.03,0.03
1773641078.805117,,-1,-1,1,0.008240481,-0.0035015200135267576,0.007483378633650457,0.15461872278217886,-0.059654493319859635,0,1000000000.0,nan,nan,nan,nan,1,0.004675751,8,1479,0.0,-0.0,0.0,0.0,0.0,0.0,0.0,2.5,0.6,0.0,0.08,0.6,0.0,0.02,0.6,0.0,0.02,0.6,0.0,0.02,0.6,0.0,0.06,1.0,0.5,1.0,0.03,0.03
1773641078.8389933,,-1,-1,1,0.012538769,-0.0035015200135267576,0.007483378633650457,0.15461872278217886,-0.059654493319859635,0,1000000000.0,nan,nan,nan,nan,1,0.005327524,8,1479,0.0,-0.0,0.0,0.0,0.0,0.0,0.0,2.5,0.6,0.0,0.08,0.6,0.0,0.02,0.6,0.0,0.02,0.6,0.0,0.02,0.6,0.0,0.06,1.0,0.5,1.0,0.03,0.03
1773641078.8726664,,-1,-1,1,0.013909196,-0.003639083716111565,0.0072256274583604235,0.15444841117767233,-0.05772827476407984,0,1000000000.0,nan,nan,nan,nan,1,0.005976169,8,1479,0.0,-0.0,0.0,0.0,0.0,0.0,0.0,2.5,0.6,0.0,0.08,0.6,0.0,0.02,0.6,0.0,0.02,0.6,0.0,0.02,0.6,0.0,0.06,1.0,0.5,1.0,0.03,0.03
1773641078.9108083,,-1,-1,1,0.020533527,-0.0033561831612393244,0.007350944416108821,0.15376958120501386,-0.0530898065596957,0,1000000000.0,nan,nan,nan,nan,1,0.008923824,8,1479,0.0,-0.0,0.0,0.0,0.0,0.0,0.0,2.5,0.6,0.0,0.08,0.6,0.0,0.02,0.6,0.0,0.02,0.6,0.0,0.02,0.6,0.0,0.06,1.0,0.5,1.0,0.03,0.03
1773641078.9417856,,-1,-1,1,0.051481676,-0.0033561831612393244,0.007350944416108821,0.15376958120501386,-0.0530898065596957,0,1000000000.0,nan,nan,nan,nan,1,0.039677465,8,1479,0.0,-0.0,0.0,0.0,0.0,0.0,0.0,2.5,0.6,0.0,0.08,0.6,0.0,0.02,0.6,0.0,0.02,0.6,0.0,0.02,0.6,0.0,0.06,1.0,0.5,1.0,0.03,0.03
1773641078.9717867,,-1,-1,1,0.028917821,-0.003452789737103306,0.007395953123174799,0.15427820932550435,-0.06095697685529126,0,1000000000.0,nan,nan,nan,nan,1,0.00394771,8,1479,0.0,-0.0,0.0,0.0,0.0,0.0,0.0,2.5,0.6,0.0,0.08,0.6,0.0,0.02,0.6,0.0,0.02,0.6,0.0,0.02,0.6,0.0,0.06,1.0,0.5,1.0,0.03,0.03
1773641079.005606,,-1,-1,1,0.029242644,-0.003452789737103306,0.007395953123174799,0.15427820932550435,-0.06095697685529126,0,1000000000.0,nan,nan,nan,nan,1,0.002436732,8,1479,0.0,-0.0,0.0,0.0,0.0,0.0,0.0,2.5,0.6,0.0,0.08,0.6,0.0,0.02,0.6,0.0,0.02,0.6,0.0,0.02,0.6,0.0,0.06,1.0,0.5,1.0,0.03,0.03
1773641079.0402308,,-1,-1,1,0.001555659,-0.0035401607968459092,0.007137712985161197,0.1541237581650073,-0.05549656932610846,0,1000000000.0,nan,nan,nan,nan,1,0.003971023,8,1479,0.0,-0.0,0.0,0.0,0.0,0.0,0.0,2.5,0.6,0.0,0.08,0.6,0.0,0.02,0.6,0.0,0.02,0.6,0.0,0.02,0.6,0.0,0.06,1.0,0.5,1.0,0.03,0.03
1773641079.0723808,,-1,-1,1,0.014176234,-0.003685587372295414,0.0071703155394834545,0.153933244371131,-0.050856355007755316,0,1000000000.0,nan,nan,nan,nan,1,0.005592524,8,1479,0.0,-0.0,0.0,0.0,0.0,0.0,0.0,2.5,0.6,0.0,0.08,0.6,0.0,0.02,0.6,0.0,0.02,0.6,0.0,0.02,0.6,0.0,0.06,1.0,0.5,1.0,0.03,0.03
1773641079.107821,,-1,-1,1,0.011441751,-0.0033561831612393244,0.007350944416108821,0.15376958120501386,-0.0530898065596957,0,1000000000.0,nan,nan,nan,nan,1,0.040753466,8,1479,0.0,-0.0,0.0,0.0,0.0,0.0,0.0,2.5,0.6,0.0,0.08,0.6,0.0,0.02,0.6,0.0,0.02,0.6,0.0,0.02,0.6,0.0,0.06,1.0,0.5,1.0,0.03,0.03
1773641079.1383963,,-1,-1,1,0.017561956,-0.0034575355670513775,0.0072158542320333,0.15416643280791764,-0.05153651275798467,0,1000000000.0,nan,nan,nan,nan,1,0.003516016,8,1479,0.0,-0.0,0.0,0.0,0.0,0.0,0.0,2.5,0.6,0.0,0.08,0.6,0.0,0.02,0.6,0.0,0.02,0.6,0.0,0.02,0.6,0.0,0.06,1.0,0.5,1.0,0.03,0.03
1773641079.171953,,-1,-1,1,0.051473861,-0.0034575355670513775,0.0072158542320333,0.15416643280791764,-0.05153651275798467,0,1000000000.0,nan,nan,nan,nan,1,0.037440679,8,1479,0.0,-0.0,0.0,0.0,0.0,0.0,0.0,2.5,0.6,0.0,0.08,0.6,0.0,0.02,0.6,0.0,0.02,0.6,0.0,0.02,0.6,0.0,0.06,1.0,0.5,1.0,0.03,0.03
1773641079.2054255,,-1,-1,1,0.006285291,-0.0035519492191982806,0.007472289926951121,0.15383521328739205,-0.055360534736600964,0,1000000000.0,nan,nan,nan,nan,1,0.029781739,8,1479,0.0,-0.0,0.0,0.0,0.0,0.0,0.0,2.5,0.6,0.0,0.08,0.6,0.0,0.02,0.6,0.0,0.02,0.6,0.0,0.02,0.6,0.0,0.06,1.0,0.5,1.0,0.03,0.03
1773641079.2399397,,-1,-1,1,0.009907237,-0.0036138564059182234,0.007473968049630667,0.15390933791076197,-0.06126600632381704,0,1000000000.0,nan,nan,nan,nan,1,0.031735691,8,1479,0.0,-0.0,0.0,0.0,0.0,0.0,0.0,2.5,0.6,0.0,0.08,0.6,0.0,0.02,0.6,0.0,0.02,0.6,0.0,0.02,0.6,0.0,0.06,1.0,0.5,1.0,0.03,0.03
1773641079.2736573,,-1,-1,1,0.012485578,-0.003789049532225539,0.007230063939261844,0.15408999903171622,-0.05307896009197556,0,1000000000.0,nan,nan,nan,nan,1,0.00454555,8,1479,0.0,-0.0,0.0,0.0,0.0,0.0,0.0,2.5,0.6,0.0,0.08,0.6,0.0,0.02,0.6,0.0,0.02,0.6,0.0,0.02,0.6,0.0,0.06,1.0,0.5,1.0,0.03,0.03
1773641079.306371,,-1,-1,1,0.02388039,-0.003639083716111565,0.0072256274583604235,0.15444841117767233,-0.05772827476407984,0,1000000000.0,nan,nan,nan,nan,1,0.00183621,8,1479,0.0,-0.0,0.0,0.0,0.0,0.0,0.0,2.5,0.6,0.0,0.08,0.6,0.0,0.02,0.6,0.0,0.02,0.6,0.0,0.02,0.6,0.0,0.06,1.0,0.5,1.0,0.03,0.03
1773641079.3398626,,-1,-1,1,0.028000559,-0.003438228337834413,0.007299649151461876,0.15401997341731094,-0.05539474764326701,0,1000000000.0,nan,nan,nan,nan,1,0.005666476,8,1479,0.0,-0.0,0.0,0.0,0.0,0.0,0.0,2.5,0.6,0.0,0.08,0.6,0.0,0.02,0.6,0.0,0.02,0.6,0.0,0.02,0.6,0.0,0.06,1.0,0.5,1.0,0.03,0.03
1773641079.383713,,-1,-1,1,0.039818679,-0.0037054327256773453,0.007166356443984544,0.1540759925171939,-0.0569995907176826,0,1000000000.0,nan,nan,nan,nan,1,0.001957062,8,1479,0.0,-0.0,0.0,0.0,0.0,0.0,0.0,2.5,0.6,0.0,0.08,0.6,0.0,0.02,0.6,0.0,0.02,0.6,0.0,0.02,0.6,0.0,0.06,1.0,0.5,1.0,0.03,0.03
1773641079.4065616,,-1,-1,1,0.021666867,-0.0035214793653659156,0.007209354145171908,0.1539686474565055,-0.05008628092253381,0,1000000000.0,nan,nan,nan,nan,1,0.024721099,8,1479,0.0,-0.0,0.0,0.0,0.0,0.0,0.0,2.5,0.6,0.0,0.08,0.6,0.0,0.02,0.6,0.0,0.02,0.6,0.0,0.02,0.6,0.0,0.06,1.0,0.5,1.0,0.03,0.03
1773641079.438449,,-1,-1,1,0.028362042,-0.003641074033140777,0.00711133312433263,0.1536000185097866,-0.051039907045392754,0,1000000000.0,nan,nan,nan,nan,1,0.004769294,8,1479,0.0,-0.0,0.0,0.0,0.0,0.0,0.0,2.5,0.6,0.0,0.08,0.6,0.0,0.02,0.6,0.0,0.02,0.6,0.0,0.02,0.6,0.0,0.06,1.0,0.5,1.0,0.03,0.03
1773641079.4724088,,-1,-1,1,0.031517556,-0.0035214793653659156,0.007209354145171908,0.1539686474565055,-0.05008628092253381,0,1000000000.0,nan,nan,nan,nan,1,0.004591672,8,1479,0.0,-0.0,0.0,0.0,0.0,0.0,0.0,2.5,0.6,0.0,0.08,0.6,0.0,0.02,0.6,0.0,0.02,0.6,0.0,0.02,0.6,0.0,0.06,1.0,0.5,1.0,0.03,0.03
1773641079.5074878,,-1,-1,1,0.025443714,-0.0035320669938312343,0.007340221895887982,0.15443934833199152,-0.06308882808691565,0,1000000000.0,nan,nan,nan,nan,1,0.003623871,8,1479,0.0,-0.0,0.0,0.0,0.0,0.0,0.0,2.5,0.6,0.0,0.08,0.6,0.0,0.02,0.6,0.0,0.02,0.6,0.0,0.02,0.6,0.0,0.06,1.0,0.5,1.0,0.03,0.03
1773641079.5404103,,-1,-1,1,0.023229172,-0.0035015200135267576,0.007483378633650457,0.15461872278217886,-0.059654493319859635,0,1000000000.0,nan,nan,nan,nan,1,0.002174789,8,1479,0.0,-0.0,0.0,0.0,0.0,0.0,0.0,2.5,0.6,0.0,0.08,0.6,0.0,0.02,0.6,0.0,0.02,0.6,0.0,0.02,0.6,0.0,0.06,1.0,0.5,1.0,0.03,0.03
1773641079.5733256,,-1,-1,1,0.014622372,-0.0035320669938312343,0.007340221895887982,0.15443934833199152,-0.06308882808691565,0,1000000000.0,nan,nan,nan,nan,1,0.035005003,8,1479,0.0,-0.0,0.0,0.0,0.0,0.0,0.0,2.5,0.6,0.0,0.08,0.6,0.0,0.02,0.6,0.0,0.02,0.6,0.0,0.02,0.6,0.0,0.06,1.0,0.5,1.0,0.03,0.03
1773641079.611924,,-1,-1,1,0.030523333,-0.0035214793653659156,0.007209354145171908,0.1539686474565055,-0.05008628092253381,0,1000000000.0,nan,nan,nan,nan,1,0.010902535,8,1479,0.0,-0.0,0.0,0.0,0.0,0.0,0.0,2.5,0.6,0.0,0.08,0.6,0.0,0.02,0.6,0.0,0.02,0.6,0.0,0.02,0.6,0.0,0.06,1.0,0.5,1.0,0.03,0.03
1773641079.6383972,,-1,-1,1,0.020192196,-0.003685587372295414,0.0071703155394834545,0.153933244371131,-0.050856355007755316,0,1000000000.0,nan,nan,nan,nan,1,0.004346523,8,1479,0.0,-0.0,0.0,0.0,0.0,0.0,0.0,2.5,0.6,0.0,0.08,0.6,0.0,0.02,0.6,0.0,0.02,0.6,0.0,0.02,0.6,0.0,0.06,1.0,0.5,1.0,0.03,0.03
1773641079.6761181,,-1,-1,1,0.017990818,-0.003429292234462006,0.0072519930807568795,0.15362163822190944,-0.04702961478957502,0,1000000000.0,nan,nan,nan,nan,1,0.008769924,8,1479,0.0,-0.0,0.0,0.0,0.0,0.0,0.0,2.5,0.6,0.0,0.08,0.6,0.0,0.02,0.6,0.0,0.02,0.6,0.0,0.02,0.6,0.0,0.06,1.0,0.5,1.0,0.03,0.03
1773641079.7054365,,-1,-1,1,0.023890407,-0.003589565822359568,0.0071237240056041965,0.15385803948643986,-0.05314493774918732,0,1000000000.0,nan,nan,nan,nan,1,0.004678271,8,1479,0.0,-0.0,0.0,0.0,0.0,0.0,0.0,2.5,0.6,0.0,0.08,0.6,0.0,0.02,0.6,0.0,0.02,0.6,0.0,0.02,0.6,0.0,0.06,1.0,0.5,1.0,0.03,0.03
1773641079.7470946,,-1,-1,1,0.008465302,-0.0037054327256773453,0.007166356443984544,0.1540759925171939,-0.0569995907176826,0,1000000000.0,nan,nan,nan,nan,1,0.005970653,8,1479,0.0,-0.0,0.0,0.0,0.0,0.0,0.0,2.5,0.6,0.0,0.08,0.6,0.0,0.02,0.6,0.0,0.02,0.6,0.0,0.02,0.6,0.0,0.06,1.0,0.5,1.0,0.03,0.03
1773641079.7727978,,-1,-1,1,0.0341495,-0.0037054327256773453,0.007166356443984544,0.1540759925171939,-0.0569995907176826,0,1000000000.0,nan,nan,nan,nan,1,0.031648573,8,1479,0.0,-0.0,0.0,0.0,0.0,0.0,0.0,2.5,0.6,0.0,0.08,0.6,0.0,0.02,0.6,0.0,0.02,0.6,0.0,0.02,0.6,0.0,0.06,1.0,0.5,1.0,0.03,0.03
1773641079.8093264,,-1,-1,1,0.030880262,-0.00357303426906055,0.007271866164144306,0.15419330129472664,-0.06089961289199921,0,1000000000.0,nan,nan,nan,nan,1,0.008116188,8,1479,0.0,-0.0,0.0,0.0,0.0,0.0,0.0,2.5,0.6,0.0,0.08,0.6,0.0,0.02,0.6,0.0,0.02,0.6,0.0,0.02,0.6,0.0,0.06,1.0,0.5,1.0,0.03,0.03
1773641079.8396816,,-1,-1,1,0.022677828,-0.0035320669938312343,0.007340221895887982,0.15443934833199152,-0.06308882808691565,0,1000000000.0,nan,nan,nan,nan,1,0.038251708,8,1479,0.0,-0.0,0.0,0.0,0.0,0.0,0.0,2.5,0.6,0.0,0.08,0.6,0.0,0.02,0.6,0.0,0.02,0.6,0.0,0.02,0.6,0.0,0.06,1.0,0.5,1.0,0.03,0.03
1773641079.8724854,,-1,-1,1,0.025823529,-0.003452789737103306,0.007395953123174799,0.15427820932550435,-0.06095697685529126,0,1000000000.0,nan,nan,nan,nan,1,0.005284643,8,1479,0.0,-0.0,0.0,0.0,0.0,0.0,0.0,2.5,0.6,0.0,0.08,0.6,0.0,0.02,0.6,0.0,0.02,0.6,0.0,0.02,0.6,0.0,0.06,1.0,0.5,1.0,0.03,0.03
1773641079.9134316,,-1,-1,1,0.011512258,-0.0034680622405074244,0.007268392387252825,0.15388048329046394,-0.05484154144839537,0,1000000000.0,nan,nan,nan,nan,1,0.046226045,8,1479,0.0,-0.0,0.0,0.0,0.0,0.0,0.0,2.5,0.6,0.0,0.08,0.6,0.0,0.02,0.6,0.0,0.02,0.6,0.0,0.02,0.6,0.0,0.06,1.0,0.5,1.0,0.03,0.03
1773641079.9383514,,-1,-1,1,0.013456027,-0.003589565822359568,0.0071237240056041965,0.15385803948643986,-0.05314493774918732,0,1000000000.0,nan,nan,nan,nan,1,0.001508184,8,1479,0.0,-0.0,0.0,0.0,0.0,0.0,0.0,2.5,0.6,0.0,0.08,0.6,0.0,0.02,0.6,0.0,0.02,0.6,0.0,0.02,0.6,0.0,0.06,1.0,0.5,1.0,0.03,0.03
1773641079.9722023,,-1,-1,1,0.015475135,-0.003639083716111565,0.0072256274583604235,0.15444841117767233,-0.05772827476407984,0,1000000000.0,nan,nan,nan,nan,1,0.035441809,8,1479,0.0,-0.0,0.0,0.0,0.0,0.0,0.0,2.5,0.6,0.0,0.08,0.6,0.0,0.02,0.6,0.0,0.02,0.6,0.0,0.02,0.6,0.0,0.06,1.0,0.5,1.0,0.03,0.03
1773641080.0056183,,-1,-1,1,0.021252003,-0.0035519492191982806,0.007472289926951121,0.15383521328739205,-0.055360534736600964,0,1000000000.0,nan,nan,nan,nan,1,0.003797401,8,1479,0.0,-0.0,0.0,0.0,0.0,0.0,0.0,2.5,0.6,0.0,0.08,0.6,0.0,0.02,0.6,0.0,0.02,0.6,0.0,0.02,0.6,0.0,0.06,1.0,0.5,1.0,0.03,0.03
1773641080.0389504,,-1,-1,1,0.016175759,-0.0035414041832206463,0.00728848335573708,0.15432252055197687,-0.0547059844839994,0,1000000000.0,nan,nan,nan,nan,1,0.004404793,8,1479,0.0,-0.0,0.0,0.0,0.0,0.0,0.0,2.5,0.6,0.0,0.08,0.6,0.0,0.02,0.6,0.0,0.02,0.6,0.0,0.02,0.6,0.0,0.06,1.0,0.5,1.0,0.03,0.03
1773641080.071949,,-1,-1,1,0.005817992,-0.00339873347339133,0.007322991928419445,0.15424221941863794,-0.06012782975088515,0,1000000000.0,nan,nan,nan,nan,1,0.003507908,8,1479,0.0,-0.0,0.0,0.0,0.0,0.0,0.0,2.5,0.6,0.0,0.08,0.6,0.0,0.02,0.6,0.0,0.02,0.6,0.0,0.02,0.6,0.0,0.06,1.0,0.5,1.0,0.03,0.03
1773641080.1056845,,-1,-1,1,0.012203586,-0.0035519492191982806,0.007472289926951121,0.15383521328739205,-0.055360534736600964,0,1000000000.0,nan,nan,nan,nan,1,0.004205045,8,1479,0.0,-0.0,0.0,0.0,0.0,0.0,0.0,2.5,0.6,0.0,0.08,0.6,0.0,0.02,0.6,0.0,0.02,0.6,0.0,0.02,0.6,0.0,0.06,1.0,0.5,1.0,0.03,0.03
1773641080.1384773,,-1,-1,1,0.013140133,-0.0035320669938312343,0.007340221895887982,0.15443934833199152,-0.06308882808691565,0,1000000000.0,nan,nan,nan,nan,1,0.004636704,8,1479,0.0,-0.0,0.0,0.0,0.0,0.0,0.0,2.5,0.6,0.0,0.08,0.6,0.0,0.02,0.6,0.0,0.02,0.6,0.0,0.02,0.6,0.0,0.06,1.0,0.5,1.0,0.03,0.03
1773641080.1721346,,-1,-1,1,0.004007037,-0.003745800077299339,0.00733084013762461,0.15448177817773232,-0.055212465701138164,0,1000000000.0,nan,nan,nan,nan,1,0.003029275,8,1479,0.0,-0.0,0.0,0.0,0.0,0.0,0.0,2.5,0.6,0.0,0.08,0.6,0.0,0.02,0.6,0.0,0.02,0.6,0.0,0.02,0.6,0.0,0.06,1.0,0.5,1.0,0.03,0.03
1773641080.2084582,,-1,-1,1,0.040325672,-0.003745800077299339,0.00733084013762461,0.15448177817773232,-0.055212465701138164,0,1000000000.0,nan,nan,nan,nan,1,0.008000855,8,1479,0.0,-0.0,0.0,0.0,0.0,0.0,0.0,2.5,0.6,0.0,0.08,0.6,0.0,0.02,0.6,0.0,0.02,0.6,0.0,0.02,0.6,0.0,0.06,1.0,0.5,1.0,0.03,0.03
1773641080.2387848,,-1,-1,1,0.007609727,-0.0037425696498299384,0.007356337004944789,0.15421529170536064,-0.059330045638346825,0,1000000000.0,nan,nan,nan,nan,1,0.004666273,8,1479,0.0,-0.0,0.0,0.0,0.0,0.0,0.0,2.5,0.6,0.0,0.08,0.6,0.0,0.02,0.6,0.0,0.02,0.6,0.0,0.02,0.6,0.0,0.06,1.0,0.5,1.0,0.03,0.03
1773641080.271842,,-1,-1,1,0.00799032,-0.0037718539248246565,0.007163859252669755,0.1543590217011423,-0.05518950805773553,0,1000000000.0,nan,nan,nan,nan,1,0.00478396,8,1479,0.0,-0.0,0.0,0.0,0.0,0.0,0.0,2.5,0.6,0.0,0.08,0.6,0.0,0.02,0.6,0.0,0.02,0.6,0.0,0.02,0.6,0.0,0.06,1.0,0.5,1.0,0.03,0.03
1773641080.305828,,-1,-1,1,0.011014355,-0.0035895575029366994,0.007446815303436884,0.15365249357125144,-0.05859438183482533,0,1000000000.0,nan,nan,nan,nan,1,0.005559993,8,1479,0.0,-0.0,0.0,0.0,0.0,0.0,0.0,2.5,0.6,0.0,0.08,0.6,0.0,0.02,0.6,0.0,0.02,0.6,0.0,0.02,0.6,0.0,0.06,1.0,0.5,1.0,0.03,0.03
1773641080.3392491,,-1,-1,1,0.005456731,-0.00365905446213439,0.007334973343536147,0.15428162008335608,-0.049486564193994394,0,1000000000.0,nan,nan,nan,nan,1,0.003796717,8,1479,0.0,-0.0,0.0,0.0,0.0,0.0,0.0,2.5,0.6,0.0,0.08,0.6,0.0,0.02,0.6,0.0,0.02,0.6,0.0,0.02,0.6,0.0,0.06,1.0,0.5,1.0,0.03,0.03
1773641080.3732514,,-1,-1,1,0.039377109,-0.00365905446213439,0.007334973343536147,0.15428162008335608,-0.049486564193994394,0,1000000000.0,nan,nan,nan,nan,1,0.002750427,8,1479,0.0,-0.0,0.0,0.0,0.0,0.0,0.0,2.5,0.6,0.0,0.08,0.6,0.0,0.02,0.6,0.0,0.02,0.6,0.0,0.02,0.6,0.0,0.06,1.0,0.5,1.0,0.03,0.03
1773641080.4067144,,-1,-1,1,0.027421542,-0.0036855593223989926,0.0070813380886269066,0.15397089015276635,-0.05067429963505096,0,1000000000.0,nan,nan,nan,nan,1,0.005024387,8,1479,0.0,-0.0,0.0,0.0,0.0,0.0,0.0,2.5,0.6,0.0,0.08,0.6,0.0,0.02,0.6,0.0,0.02,0.6,0.0,0.02,0.6,0.0,0.06,1.0,0.5,1.0,0.03,0.03
1773641080.4423223,,-1,-1,1,0.020970013,-0.0034575355670513775,0.0072158542320333,0.15416643280791764,-0.05153651275798467,0,1000000000.0,nan,nan,nan,nan,1,0.008797756,8,1479,0.0,-0.0,0.0,0.0,0.0,0.0,0.0,2.5,0.6,0.0,0.08,0.6,0.0,0.02,0.6,0.0,0.02,0.6,0.0,0.02,0.6,0.0,0.06,1.0,0.5,1.0,0.03,0.03
1773641080.4715474,,-1,-1,1,0.018221141,-0.003589565822359568,0.0071237240056041965,0.15385803948643986,-0.05314493774918732,0,1000000000.0,nan,nan,nan,nan,1,0.001726319,8,1479,0.0,-0.0,0.0,0.0,0.0,0.0,0.0,2.5,0.6,0.0,0.08,0.6,0.0,0.02,0.6,0.0,0.02,0.6,0.0,0.02,0.6,0.0,0.06,1.0,0.5,1.0,0.03,0.03
1773641080.5066066,,-1,-1,1,0.033463946,-0.0035421978173129118,0.00740306110884988,0.15443404970896615,-0.056613842192171394,0,1000000000.0,nan,nan,nan,nan,1,0.003859596,8,1479,0.0,-0.0,0.0,0.0,0.0,0.0,0.0,2.5,0.6,0.0,0.08,0.6,0.0,0.02,0.6,0.0,0.02,0.6,0.0,0.02,0.6,0.0,0.06,1.0,0.5,1.0,0.03,0.03
1773641080.5405817,,-1,-1,1,0.028297246,-0.003639083716111565,0.0072256274583604235,0.15444841117767233,-0.05772827476407984,0,1000000000.0,nan,nan,nan,nan,1,0.003279997,8,1479,0.0,-0.0,0.0,0.0,0.0,0.0,0.0,2.5,0.6,0.0,0.08,0.6,0.0,0.02,0.6,0.0,0.02,0.6,0.0,0.02,0.6,0.0,0.06,1.0,0.5,1.0,0.03,0.03
1773641080.5724702,,-1,-1,1,0.007902036,-0.003438228337834413,0.007299649151461876,0.15401997341731094,-0.05539474764326701,0,1000000000.0,nan,nan,nan,nan,1,0.001748279,8,1479,0.0,-0.0,0.0,0.0,0.0,0.0,0.0,2.5,0.6,0.0,0.08,0.6,0.0,0.02,0.6,0.0,0.02,0.6,0.0,0.02,0.6,0.0,0.06,1.0,0.5,1.0,0.03,0.03
1773641080.6108704,,-1,-1,1,0.012271242,-0.0035320669938312343,0.007340221895887982,0.15443934833199152,-0.06308882808691565,0,1000000000.0,nan,nan,nan,nan,1,0.006322066,8,1479,0.0,-0.0,0.0,0.0,0.0,0.0,0.0,2.5,0.6,0.0,0.08,0.6,0.0,0.02,0.6,0.0,0.02,0.6,0.0,0.02,0.6,0.0,0.06,1.0,0.5,1.0,0.03,0.03
1773641080.6450136,,-1,-1,1,0.04556986,-0.0035320669938312343,0.007340221895887982,0.15443934833199152,-0.06308882808691565,0,1000000000.0,nan,nan,nan,nan,1,0.011306959,8,1479,0.0,-0.0,0.0,0.0,0.0,0.0,0.0,2.5,0.6,0.0,0.08,0.6,0.0,0.02,0.6,0.0,0.02,0.6,0.0,0.02,0.6,0.0,0.06,1.0,0.5,1.0,0.03,0.03
1773641080.6720448,,-1,-1,1,0.002569084,-0.0035214793653659156,0.007209354145171908,0.1539686474565055,-0.05008628092253381,0,1000000000.0,nan,nan,nan,nan,1,0.00191031,8,1479,0.0,-0.0,0.0,0.0,0.0,0.0,0.0,2.5,0.6,0.0,0.08,0.6,0.0,0.02,0.6,0.0,0.02,0.6,0.0,0.02,0.6,0.0,0.06,1.0,0.5,1.0,0.03,0.03
1773641080.7052739,,-1,-1,1,0.009697567,-0.0037405499287402276,0.007302665089965241,0.15362918757002966,-0.053056679303321815,0,1000000000.0,nan,nan,nan,nan,1,0.035106721,8,1479,0.0,-0.0,0.0,0.0,0.0,0.0,0.0,2.5,0.6,0.0,0.08,0.6,0.0,0.02,0.6,0.0,0.02,0.6,0.0,0.02,0.6,0.0,0.06,1.0,0.5,1.0,0.03,0.03
1773641080.7393117,,-1,-1,1,0.011851175,-0.00365905446213439,0.007334973343536147,0.15428162008335608,-0.049486564193994394,0,1000000000.0,nan,nan,nan,nan,1,0.00532101,8,1479,0.0,-0.0,0.0,0.0,0.0,0.0,0.0,2.5,0.6,0.0,0.08,0.6,0.0,0.02,0.6,0.0,0.02,0.6,0.0,0.02,0.6,0.0,0.06,1.0,0.5,1.0,0.03,0.03
1773641080.772587,,-1,-1,1,0.016933461,-0.0035042846848460985,0.00717007162000788,0.15375731177052446,-0.05627178495942565,0,1000000000.0,nan,nan,nan,nan,1,0.007473322,8,1479,0.0,-0.0,0.0,0.0,0.0,0.0,0.0,2.5,0.6,0.0,0.08,0.6,0.0,0.02,0.6,0.0,0.02,0.6,0.0,0.02,0.6,0.0,0.06,1.0,0.5,1.0,0.03,0.03
1773641080.807133,,-1,-1,1,0.013371599,-0.0037054327256773453,0.007166356443984544,0.1540759925171939,-0.0569995907176826,0,1000000000.0,nan,nan,nan,nan,1,0.006167422,8,1479,0.0,-0.0,0.0,0.0,0.0,0.0,0.0,2.5,0.6,0.0,0.08,0.6,0.0,0.02,0.6,0.0,0.02,0.6,0.0,0.02,0.6,0.0,0.06,1.0,0.5,1.0,0.03,0.03
1773641080.840912,,-1,-1,1,0.016619175,-0.0035961960640650127,0.007291854044248128,0.1545140720293254,-0.05010140636898072,0,1000000000.0,nan,nan,nan,nan,1,0.002852115,8,1479,0.0,-0.0,0.0,0.0,0.0,0.0,0.0,2.5,0.6,0.0,0.08,0.6,0.0,0.02,0.6,0.0,0.02,0.6,0.0,0.02,0.6,0.0,0.06,1.0,0.5,1.0,0.03,0.03
1773641080.874447,,-1,-1,1,0.015947496,-0.0036093555711222947,0.007318169228441072,0.15417307492508886,-0.06676565066177109,0,1000000000.0,nan,nan,nan,nan,1,0.005865596,8,1479,0.0,-0.0,0.0,0.0,0.0,0.0,0.0,2.5,0.6,0.0,0.08,0.6,0.0,0.02,0.6,0.0,0.02,0.6,0.0,0.02,0.6,0.0,0.06,1.0,0.5,1.0,0.03,0.03
1773641080.909045,,-1,-1,1,0.015475806,-0.003647535478176589,0.007384486409730754,0.15386367369398884,-0.0582285372891492,0,1000000000.0,nan,nan,nan,nan,1,0.004644388,8,1479,0.0,-0.0,0.0,0.0,0.0,0.0,0.0,2.5,0.6,0.0,0.08,0.6,0.0,0.02,0.6,0.0,0.02,0.6,0.0,0.02,0.6,0.0,0.06,1.0,0.5,1.0,0.03,0.03
1773641080.9395566,,-1,-1,1,0.004519536,-0.003639083716111565,0.0072256274583604235,0.15444841117767233,-0.05772827476407984,0,1000000000.0,nan,nan,nan,nan,1,0.002972375,8,1479,0.0,-0.0,0.0,0.0,0.0,0.0,0.0,2.5,0.6,0.0,0.08,0.6,0.0,0.02,0.6,0.0,0.02,0.6,0.0,0.02,0.6,0.0,0.06,1.0,0.5,1.0,0.03,0.03
1773641080.97205,,-1,-1,1,0.002945361,-0.0037835643895310234,0.007237711015083998,0.15356467466910184,-0.060686488253117954,0,1000000000.0,nan,nan,nan,nan,1,0.035051784,8,1479,0.0,-0.0,0.0,0.0,0.0,0.0,0.0,2.5,0.6,0.0,0.08,0.6,0.0,0.02,0.6,0.0,0.02,0.6,0.0,0.02,0.6,0.0,0.06,1.0,0.5,1.0,0.03,0.03
1773641081.0066674,,-1,-1,1,0.037370555,-0.0037835643895310234,0.007237711015083998,0.15356467466910184,-0.060686488253117954,0,1000000000.0,nan,nan,nan,nan,1,0.005887669,8,1479,0.0,-0.0,0.0,0.0,0.0,0.0,0.0,2.5,0.6,0.0,0.08,0.6,0.0,0.02,0.6,0.0,0.02,0.6,0.0,0.02,0.6,0.0,0.06,1.0,0.5,1.0,0.03,0.03
1773641081.0435789,,-1,-1,1,0.035179536,-0.0034680622405074244,0.007268392387252825,0.15388048329046394,-0.05484154144839537,0,1000000000.0,nan,nan,nan,nan,1,0.008374043,8,1479,0.0,-0.0,0.0,0.0,0.0,0.0,0.0,2.5,0.6,0.0,0.08,0.6,0.0,0.02,0.6,0.0,0.02,0.6,0.0,0.02,0.6,0.0,0.06,1.0,0.5,1.0,0.03,0.03
1773641081.0719707,,-1,-1,1,0.026623539,-0.0035519492191982806,0.007472289926951121,0.15383521328739205,-0.055360534736600964,0,1000000000.0,nan,nan,nan,nan,1,0.036942906,8,1479,0.0,-0.0,0.0,0.0,0.0,0.0,0.0,2.5,0.6,0.0,0.08,0.6,0.0,0.02,0.6,0.0,0.02,0.6,0.0,0.02,0.6,0.0,0.06,1.0,0.5,1.0,0.03,0.03
1773641081.108492,,-1,-1,1,0.020284898,-0.0036944694942345107,0.007267532078815175,0.15467162739382453,-0.05677016216998864,0,1000000000.0,nan,nan,nan,nan,1,0.006609488,8,1479,0.0,-0.0,0.0,0.0,0.0,0.0,0.0,2.5,0.6,0.0,0.08,0.6,0.0,0.02,0.6,0.0,0.02,0.6,0.0,0.02,0.6,0.0,0.06,1.0,0.5,1.0,0.03,0.03
1773641081.139144,,-1,-1,1,0.016531841,-0.003589565822359568,0.0071237240056041965,0.15385803948643986,-0.05314493774918732,0,1000000000.0,nan,nan,nan,nan,1,0.003652684,8,1479,0.0,-0.0,0.0,0.0,0.0,0.0,0.0,2.5,0.6,0.0,0.08,0.6,0.0,0.02,0.6,0.0,0.02,0.6,0.0,0.02,0.6,0.0,0.06,1.0,0.5,1.0,0.03,0.03
1773641081.173345,,-1,-1,1,0.020278733,-0.003452789737103306,0.007395953123174799,0.15427820932550435,-0.06095697685529126,0,1000000000.0,nan,nan,nan,nan,1,0.005347267,8,1479,0.0,-0.0,0.0,0.0,0.0,0.0,0.0,2.5,0.6,0.0,0.08,0.6,0.0,0.02,0.6,0.0,0.02,0.6,0.0,0.02,0.6,0.0,0.06,1.0,0.5,1.0,0.03,0.03
1773641081.2052965,,-1,-1,1,0.022976243,-0.0035895575029366994,0.007446815303436884,0.15365249357125144,-0.05859438183482533,0,1000000000.0,nan,nan,nan,nan,1,0.002254316,8,1479,0.0,-0.0,0.0,0.0,0.0,0.0,0.0,2.5,0.6,0.0,0.08,0.6,0.0,0.02,0.6,0.0,0.02,0.6,0.0,0.02,0.6,0.0,0.06,1.0,0.5,1.0,0.03,0.03
1773641081.2386744,,-1,-1,1,0.003851081,-0.003589565822359568,0.0071237240056041965,0.15385803948643986,-0.05314493774918732,0,1000000000.0,nan,nan,nan,nan,1,0.003062475,8,1479,0.0,-0.0,0.0,0.0,0.0,0.0,0.0,2.5,0.6,0.0,0.08,0.6,0.0,0.02,0.6,0.0,0.02,0.6,0.0,0.02,0.6,0.0,0.06,1.0,0.5,1.0,0.03,0.03
1773641081.272463,,-1,-1,1,0.001286181,-0.0037343446737538467,0.0073368206111650795,0.15422257346036994,-0.062477931895045906,0,1000000000.0,nan,nan,nan,nan,1,0.003061494,8,1479,0.0,-0.0,0.0,0.0,0.0,0.0,0.0,2.5,0.6,0.0,0.08,0.6,0.0,0.02,0.6,0.0,0.02,0.6,0.0,0.02,0.6,0.0,0.06,1.0,0.5,1.0,0.03,0.03
1773641081.3051052,,-1,-1,1,0.001311029,-0.003438228337834413,0.007299649151461876,0.15401997341731094,-0.05539474764326701,0,1000000000.0,nan,nan,nan,nan,1,0.003084916,8,1479,0.0,-0.0,0.0,0.0,0.0,0.0,0.0,2.5,0.6,0.0,0.08,0.6,0.0,0.02,0.6,0.0,0.02,0.6,0.0,0.02,0.6,0.0,0.06,1.0,0.5,1.0,0.03,0.03
1773641081.3391197,,-1,-1,1,0.001338543,-0.0035320669938312343,0.007340221895887982,0.15443934833199152,-0.06308882808691565,0,1000000000.0,nan,nan,nan,nan,1,0.004802292,8,1479,0.0,-0.0,0.0,0.0,0.0,0.0,0.0,2.5,0.6,0.0,0.08,0.6,0.0,0.02,0.6,0.0,0.02,0.6,0.0,0.02,0.6,0.0,0.06,1.0,0.5,1.0,0.03,0.03
1773641081.375699,,-1,-1,1,0.037855068,-0.0035320669938312343,0.007340221895887982,0.15443934833199152,-0.06308882808691565,0,1000000000.0,nan,nan,nan,nan,1,0.007878264,8,1479,0.0,-0.0,0.0,0.0,0.0,0.0,0.0,2.5,0.6,0.0,0.08,0.6,0.0,0.02,0.6,0.0,0.02,0.6,0.0,0.02,0.6,0.0,0.06,1.0,0.5,1.0,0.03,0.03
1773641081.4066114,,-1,-1,1,0.026532478,-0.003647535478176589,0.007384486409730754,0.15386367369398884,-0.0582285372891492,0,1000000000.0,nan,nan,nan,nan,1,0.038768914,8,1479,0.0,-0.0,0.0,0.0,0.0,0.0,0.0,2.5,0.6,0.0,0.08,0.6,0.0,0.02,0.6,0.0,0.02,0.6,0.0,0.02,0.6,0.0,0.06,1.0,0.5,1.0,0.03,0.03
1773641081.440045,,-1,-1,1,0.010866861,-0.0034680622405074244,0.007268392387252825,0.15388048329046394,-0.05484154144839537,0,1000000000.0,nan,nan,nan,nan,1,0.006118802,8,1479,0.0,-0.0,0.0,0.0,0.0,0.0,0.0,2.5,0.6,0.0,0.08,0.6,0.0,0.02,0.6,0.0,0.02,0.6,0.0,0.02,0.6,0.0,0.06,1.0,0.5,1.0,0.03,0.03
1773641081.4873114,,-1,-1,1,0.003528165,-0.0037343446737538467,0.0073368206111650795,0.15422257346036994,-0.062477931895045906,0,1000000000.0,nan,nan,nan,nan,1,0.01811707,8,1479,0.0,-0.0,0.0,0.0,0.0,0.0,0.0,2.5,0.6,0.0,0.08,0.6,0.0,0.02,0.6,0.0,0.02,0.6,0.0,0.02,0.6,0.0,0.06,1.0,0.5,1.0,0.03,0.03
1773641081.5061443,,-1,-1,1,0.009019485,-0.003639083716111565,0.0072256274583604235,0.15444841117767233,-0.05772827476407984,0,1000000000.0,nan,nan,nan,nan,1,0.037044539,8,1479,0.0,-0.0,0.0,0.0,0.0,0.0,0.0,2.5,0.6,0.0,0.08,0.6,0.0,0.02,0.6,0.0,0.02,0.6,0.0,0.02,0.6,0.0,0.06,1.0,0.5,1.0,0.03,0.03
1773641081.5386825,,-1,-1,1,0.008820682,-0.0035810368901741654,0.007385257766578035,0.1537220747212544,-0.0524951975612028,0,1000000000.0,nan,nan,nan,nan,1,0.002581342,8,1479,0.0,-0.0,0.0,0.0,0.0,0.0,0.0,2.5,0.6,0.0,0.08,0.6,0.0,0.02,0.6,0.0,0.02,0.6,0.0,0.02,0.6,0.0,0.06,1.0,0.5,1.0,0.03,0.03
1773641081.5754735,,-1,-1,1,0.021619535,-0.0037343446737538467,0.0073368206111650795,0.15422257346036994,-0.062477931895045906,0,1000000000.0,nan,nan,nan,nan,1,0.00841563,8,1479,0.0,-0.0,0.0,0.0,0.0,0.0,0.0,2.5,0.6,0.0,0.08,0.6,0.0,0.02,0.6,0.0,0.02,0.6,0.0,0.02,0.6,0.0,0.06,1.0,0.5,1.0,0.03,0.03
1773641081.604928,,-1,-1,1,0.015445409,-0.0035042846848460985,0.00717007162000788,0.15375731177052446,-0.05627178495942565,0,1000000000.0,nan,nan,nan,nan,1,0.001503797,8,1479,0.0,-0.0,0.0,0.0,0.0,0.0,0.0,2.5,0.6,0.0,0.08,0.6,0.0,0.02,0.6,0.0,0.02,0.6,0.0,0.02,0.6,0.0,0.06,1.0,0.5,1.0,0.03,0.03
1773641081.63862,,-1,-1,1,0.006480249,-0.0035320669938312343,0.007340221895887982,0.15443934833199152,-0.06308882808691565,0,1000000000.0,nan,nan,nan,nan,1,0.002911219,8,1479,0.0,-0.0,0.0,0.0,0.0,0.0,0.0,2.5,0.6,0.0,0.08,0.6,0.0,0.02,0.6,0.0,0.02,0.6,0.0,0.02,0.6,0.0,0.06,1.0,0.5,1.0,0.03,0.03
1773641081.6734333,,-1,-1,1,0.004928477,-0.003685587372295414,0.0071703155394834545,0.153933244371131,-0.050856355007755316,0,1000000000.0,nan,nan,nan,nan,1,0.001731911,8,1479,0.0,-0.0,0.0,0.0,0.0,0.0,0.0,2.5,0.6,0.0,0.08,0.6,0.0,0.02,0.6,0.0,0.02,0.6,0.0,0.02,0.6,0.0,0.06,1.0,0.5,1.0,0.03,0.03
1773641081.7057927,,-1,-1,1,0.037376749,-0.003685587372295414,0.0071703155394834545,0.153933244371131,-0.050856355007755316,0,1000000000.0,nan,nan,nan,nan,1,0.003479098,8,1479,0.0,-0.0,0.0,0.0,0.0,0.0,0.0,2.5,0.6,0.0,0.08,0.6,0.0,0.02,0.6,0.0,0.02,0.6,0.0,0.02,0.6,0.0,0.06,1.0,0.5,1.0,0.03,0.03
1773641081.7392333,,-1,-1,1,0.002858708,-0.003596881911074488,0.007310052932979508,0.15378747266811021,-0.0624637809151264,0,1000000000.0,nan,nan,nan,nan,1,0.036843921,8,1479,0.0,-0.0,0.0,0.0,0.0,0.0,0.0,2.5,0.6,0.0,0.08,0.6,0.0,0.02,0.6,0.0,0.02,0.6,0.0,0.02,0.6,0.0,0.06,1.0,0.5,1.0,0.03,0.03
1773641081.771698,,-1,-1,1,0.006773297,-0.0035710184408982723,0.0075017488616349985,0.1540546134922492,-0.058219224299236864,0,1000000000.0,nan,nan,nan,nan,1,0.003813049,8,1479,0.0,-0.0,0.0,0.0,0.0,0.0,0.0,2.5,0.6,0.0,0.08,0.6,0.0,0.02,0.6,0.0,0.02,0.6,0.0,0.02,0.6,0.0,0.06,1.0,0.5,1.0,0.03,0.03
1773641081.805702,,-1,-1,1,0.00565861,-0.0036996504282256412,0.007393205729214309,0.15446379301876212,-0.05208799976499758,0,1000000000.0,nan,nan,nan,nan,1,0.002778258,8,1479,0.0,-0.0,0.0,0.0,0.0,0.0,0.0,2.5,0.6,0.0,0.08,0.6,0.0,0.02,0.6,0.0,0.02,0.6,0.0,0.02,0.6,0.0,0.06,1.0,0.5,1.0,0.03,0.03
1773641081.8405006,,-1,-1,1,0.040232532,-0.0036996504282256412,0.007393205729214309,0.15446379301876212,-0.05208799976499758,0,1000000000.0,nan,nan,nan,nan,1,0.005043016,8,1479,0.0,-0.0,0.0,0.0,0.0,0.0,0.0,2.5,0.6,0.0,0.08,0.6,0.0,0.02,0.6,0.0,0.02,0.6,0.0,0.02,0.6,0.0,0.06,1.0,0.5,1.0,0.03,0.03
1773641081.8726337,,-1,-1,1,0.010992473,-0.003826835350789303,0.007129004903549354,0.15352152987399395,-0.05182562503088314,0,1000000000.0,nan,nan,nan,nan,1,0.037447721,8,1479,0.0,-0.0,0.0,0.0,0.0,0.0,0.0,2.5,0.6,0.0,0.08,0.6,0.0,0.02,0.6,0.0,0.02,0.6,0.0,0.02,0.6,0.0,0.06,1.0,0.5,1.0,0.03,0.03
1773641081.90632,,-1,-1,1,0.005422108,-0.0034796928098654234,0.0073339535640332305,0.15405758166665826,-0.05886570597636725,0,1000000000.0,nan,nan,nan,nan,1,0.001606078,8,1479,0.0,-0.0,0.0,0.0,0.0,0.0,0.0,2.5,0.6,0.0,0.08,0.6,0.0,0.02,0.6,0.0,0.02,0.6,0.0,0.02,0.6,0.0,0.06,1.0,0.5,1.0,0.03,0.03
1773641081.955566,,-1,-1,1,0.027738726,-0.0035320669938312343,0.007340221895887982,0.15443934833199152,-0.06308882808691565,0,1000000000.0,nan,nan,nan,nan,1,0.020492905,8,1479,0.0,-0.0,0.0,0.0,0.0,0.0,0.0,2.5,0.6,0.0,0.08,0.6,0.0,0.02,0.6,0.0,0.02,0.6,0.0,0.02,0.6,0.0,0.06,1.0,0.5,1.0,0.03,0.03
1773641081.976049,,-1,-1,1,0.014815538,-0.0035320669938312343,0.007340221895887982,0.15443934833199152,-0.06308882808691565,0,1000000000.0,nan,nan,nan,nan,1,0.040632714,8,1479,0.0,-0.0,0.0,0.0,0.0,0.0,0.0,2.5,0.6,0.0,0.08,0.6,0.0,0.02,0.6,0.0,0.02,0.6,0.0,0.02,0.6,0.0,0.06,1.0,0.5,1.0,0.03,0.03
1773641082.0104535,,-1,-1,1,0.022350319,-0.00357303426906055,0.007271866164144306,0.15419330129472664,-0.06089961289199921,0,1000000000.0,nan,nan,nan,nan,1,0.008141728,8,1479,0.0,-0.0,0.0,0.0,0.0,0.0,0.0,2.5,0.6,0.0,0.08,0.6,0.0,0.02,0.6,0.0,0.02,0.6,0.0,0.02,0.6,0.0,0.06,1.0,0.5,1.0,0.03,0.03
1773641082.0444028,,-1,-1,1,0.031292879,-0.0037343446737538467,0.0073368206111650795,0.15422257346036994,-0.062477931895045906,0,1000000000.0,nan,nan,nan,nan,1,0.009137137,8,1479,0.0,-0.0,0.0,0.0,0.0,0.0,0.0,2.5,0.6,0.0,0.08,0.6,0.0,0.02,0.6,0.0,0.02,0.6,0.0,0.02,0.6,0.0,0.06,1.0,0.5,1.0,0.03,0.03
1773641082.0718017,,-1,-1,1,0.001607708,-0.0035710184408982723,0.0075017488616349985,0.1540546134922492,-0.058219224299236864,0,1000000000.0,nan,nan,nan,nan,1,0.044569037,8,1479,0.0,-0.0,0.0,0.0,0.0,0.0,0.0,2.5,0.6,0.0,0.08,0.6,0.0,0.02,0.6,0.0,0.02,0.6,0.0,0.02,0.6,0.0,0.06,1.0,0.5,1.0,0.03,0.03
1773641082.1120186,,-1,-1,1,0.012320095,-0.0036360643705674565,0.007175535794980474,0.15413135954115353,-0.05324110341578995,0,1000000000.0,nan,nan,nan,nan,1,0.03004397,8,1479,0.0,-0.0,0.0,0.0,0.0,0.0,0.0,2.5,0.6,0.0,0.08,0.6,0.0,0.02,0.6,0.0,0.02,0.6,0.0,0.02,0.6,0.0,0.06,1.0,0.5,1.0,0.03,0.03
1773641082.1409032,,-1,-1,1,0.01762587,-0.003685587372295414,0.0071703155394834545,0.153933244371131,-0.050856355007755316,0,1000000000.0,nan,nan,nan,nan,1,0.02067657,8,1479,0.0,-0.0,0.0,0.0,0.0,0.0,0.0,2.5,0.6,0.0,0.08,0.6,0.0,0.02,0.6,0.0,0.02,0.6,0.0,0.02,0.6,0.0,0.06,1.0,0.5,1.0,0.03,0.03
1773641082.1717198,,-1,-1,1,0.006832365,-0.003452789737103306,0.007395953123174799,0.15427820932550435,-0.06095697685529126,0,1000000000.0,nan,nan,nan,nan,1,0.037930384,8,1479,0.0,-0.0,0.0,0.0,0.0,0.0,0.0,2.5,0.6,0.0,0.08,0.6,0.0,0.02,0.6,0.0,0.02,0.6,0.0,0.02,0.6,0.0,0.06,1.0,0.5,1.0,0.03,0.03
1773641082.2074142,,-1,-1,1,0.007480178,-0.0036560841579628884,0.007459607993023853,0.15316652766574923,-0.048727842826710895,0,1000000000.0,nan,nan,nan,nan,1,0.002713638,8,1479,0.0,-0.0,0.0,0.0,0.0,0.0,0.0,2.5,0.6,0.0,0.08,0.6,0.0,0.02,0.6,0.0,0.02,0.6,0.0,0.02,0.6,0.0,0.06,1.0,0.5,1.0,0.03,0.03
1773641082.239153,,-1,-1,1,0.03881542,-0.0036560841579628884,0.007459607993023853,0.15316652766574923,-0.048727842826710895,0,1000000000.0,nan,nan,nan,nan,1,0.003847286,8,1479,0.0,-0.0,0.0,0.0,0.0,0.0,0.0,2.5,0.6,0.0,0.08,0.6,0.0,0.02,0.6,0.0,0.02,0.6,0.0,0.02,0.6,0.0,0.06,1.0,0.5,1.0,0.03,0.03
1773641082.2726088,,-1,-1,1,0.001380371,-0.0037343446737538467,0.0073368206111650795,0.15422257346036994,-0.062477931895045906,0,1000000000.0,nan,nan,nan,nan,1,0.005837789,8,1479,0.0,-0.0,0.0,0.0,0.0,0.0,0.0,2.5,0.6,0.0,0.08,0.6,0.0,0.02,0.6,0.0,0.02,0.6,0.0,0.02,0.6,0.0,0.06,1.0,0.5,1.0,0.03,0.03
1773641082.30592,,-1,-1,1,0.002492078,-0.0038300211944519743,0.007084728894185019,0.15363389845994735,-0.05443574959123288,0,1000000000.0,nan,nan,nan,nan,1,0.005164278,8,1479,0.0,-0.0,0.0,0.0,0.0,0.0,0.0,2.5,0.6,0.0,0.08,0.6,0.0,0.02,0.6,0.0,0.02,0.6,0.0,0.02,0.6,0.0,0.06,1.0,0.5,1.0,0.03,0.03
1773641082.3388686,,-1,-1,1,0.035038254,-0.0038300211944519743,0.007084728894185019,0.15363389845994735,-0.05443574959123288,0,1000000000.0,nan,nan,nan,nan,1,0.004970046,8,1479,0.0,-0.0,0.0,0.0,0.0,0.0,0.0,2.5,0.6,0.0,0.08,0.6,0.0,0.02,0.6,0.0,0.02,0.6,0.0,0.02,0.6,0.0,0.06,1.0,0.5,1.0,0.03,0.03
1773641082.3718765,,-1,-1,1,0.007140505,-0.003738632134928716,0.007376273148266573,0.1545135432920494,-0.05293499530805878,0,1000000000.0,nan,nan,nan,nan,1,0.002802661,8,1479,0.0,-0.0,0.0,0.0,0.0,0.0,0.0,2.5,0.6,0.0,0.08,0.6,0.0,0.02,0.6,0.0,0.02,0.6,0.0,0.02,0.6,0.0,0.06,1.0,0.5,1.0,0.03,0.03
1773641082.414415,,-1,-1,1,0.017752463,-0.0037733472453858135,0.007391842932476105,0.1538093308817006,-0.05577285295593506,0,1000000000.0,nan,nan,nan,nan,1,0.011035043,8,1479,0.0,-0.0,0.0,0.0,0.0,0.0,0.0,2.5,0.6,0.0,0.08,0.6,0.0,0.02,0.6,0.0,0.02,0.6,0.0,0.02,0.6,0.0,0.06,1.0,0.5,1.0,0.03,0.03
1773641082.4392688,,-1,-1,1,0.011481996,-0.0035945542685327614,0.00740725669526539,0.15376481425945165,-0.06303540472274949,0,1000000000.0,nan,nan,nan,nan,1,0.002021036,8,1479,0.0,-0.0,0.0,0.0,0.0,0.0,0.0,2.5,0.6,0.0,0.08,0.6,0.0,0.02,0.6,0.0,0.02,0.6,0.0,0.02,0.6,0.0,0.06,1.0,0.5,1.0,0.03,0.03
1773641082.4750056,,-1,-1,1,0.026070239,-0.0036944694942345107,0.007267532078815175,0.15467162739382453,-0.05677016216998864,0,1000000000.0,nan,nan,nan,nan,1,0.002920348,8,1479,0.0,-0.0,0.0,0.0,0.0,0.0,0.0,2.5,0.6,0.0,0.08,0.6,0.0,0.02,0.6,0.0,0.02,0.6,0.0,0.02,0.6,0.0,0.06,1.0,0.5,1.0,0.03,0.03
1773641082.5055015,,-1,-1,1,0.021868765,-0.003685587372295414,0.0071703155394834545,0.153933244371131,-0.050856355007755316,0,1000000000.0,nan,nan,nan,nan,1,0.004715121,8,1479,0.0,-0.0,0.0,0.0,0.0,0.0,0.0,2.5,0.6,0.0,0.08,0.6,0.0,0.02,0.6,0.0,0.02,0.6,0.0,0.02,0.6,0.0,0.06,1.0,0.5,1.0,0.03,0.03
1773641082.5398226,,-1,-1,1,0.021364765,-0.0035320669938312343,0.007340221895887982,0.15443934833199152,-0.06308882808691565,0,1000000000.0,nan,nan,nan,nan,1,0.005063126,8,1479,0.0,-0.0,0.0,0.0,0.0,0.0,0.0,2.5,0.6,0.0,0.08,0.6,0.0,0.02,0.6,0.0,0.02,0.6,0.0,0.02,0.6,0.0,0.06,1.0,0.5,1.0,0.03,0.03
1773641082.5720227,,-1,-1,1,0.018011702,-0.003641074033140777,0.00711133312433263,0.1536000185097866,-0.051039907045392754,0,1000000000.0,nan,nan,nan,nan,1,0.004241635,8,1479,0.0,-0.0,0.0,0.0,0.0,0.0,0.0,2.5,0.6,0.0,0.08,0.6,0.0,0.02,0.6,0.0,0.02,0.6,0.0,0.02,0.6,0.0,0.06,1.0,0.5,1.0,0.03,0.03
1773641082.60988,,-1,-1,1,0.023458253,-0.0036469945922836464,0.007348373925944805,0.15398174407904283,-0.06430526137622856,0,1000000000.0,nan,nan,nan,nan,1,0.006872415,8,1479,0.0,-0.0,0.0,0.0,0.0,0.0,0.0,2.5,0.6,0.0,0.08,0.6,0.0,0.02,0.6,0.0,0.02,0.6,0.0,0.02,0.6,0.0,0.06,1.0,0.5,1.0,0.03,0.03
1773641082.6392794,,-1,-1,1,0.026030171,-0.0036138564059182234,0.007473968049630667,0.15390933791076197,-0.06126600632381704,0,1000000000.0,nan,nan,nan,nan,1,0.004355304,8,1479,0.0,-0.0,0.0,0.0,0.0,0.0,0.0,2.5,0.6,0.0,0.08,0.6,0.0,0.02,0.6,0.0,0.02,0.6,0.0,0.02,0.6,0.0,0.06,1.0,0.5,1.0,0.03,0.03
1773641082.6722634,,-1,-1,1,0.019067325,-0.0036285144885711672,0.007315171495265763,0.15417783446500732,-0.05416762006833098,0,1000000000.0,nan,nan,nan,nan,1,0.003755077,8,1479,0.0,-0.0,0.0,0.0,0.0,0.0,0.0,2.5,0.6,0.0,0.08,0.6,0.0,0.02,0.6,0.0,0.02,0.6,0.0,0.02,0.6,0.0,0.06,1.0,0.5,1.0,0.03,0.03
1773641082.7055042,,-1,-1,1,0.016069099,-0.0035042846848460985,0.00717007162000788,0.15375731177052446,-0.05627178495942565,0,1000000000.0,nan,nan,nan,nan,1,0.005460845,8,1479,0.0,-0.0,0.0,0.0,0.0,0.0,0.0,2.5,0.6,0.0,0.08,0.6,0.0,0.02,0.6,0.0,0.02,0.6,0.0,0.02,0.6,0.0,0.06,1.0,0.5,1.0,0.03,0.03
1773641082.738461,,-1,-1,1,0.017074081,-0.0035414041832206463,0.00728848335573708,0.15432252055197687,-0.0547059844839994,0,1000000000.0,nan,nan,nan,nan,1,0.00292594,8,1479,0.0,-0.0,0.0,0.0,0.0,0.0,0.0,2.5,0.6,0.0,0.08,0.6,0.0,0.02,0.6,0.0,0.02,0.6,0.0,0.02,0.6,0.0,0.06,1.0,0.5,1.0,0.03,0.03
1773641082.7761745,,-1,-1,1,0.025942036,-0.003639083716111565,0.0072256274583604235,0.15444841117767233,-0.05772827476407984,0,1000000000.0,nan,nan,nan,nan,1,0.006551221,8,1479,0.0,-0.0,0.0,0.0,0.0,0.0,0.0,2.5,0.6,0.0,0.08,0.6,0.0,0.02,0.6,0.0,0.02,0.6,0.0,0.02,0.6,0.0,0.06,1.0,0.5,1.0,0.03,0.03
1773641082.8099854,,-1,-1,1,0.022514077,-0.0036469945922836464,0.007348373925944805,0.15398174407904283,-0.06430526137622856,0,1000000000.0,nan,nan,nan,nan,1,0.008022172,8,1479,0.0,-0.0,0.0,0.0,0.0,0.0,0.0,2.5,0.6,0.0,0.08,0.6,0.0,0.02,0.6,0.0,0.02,0.6,0.0,0.02,0.6,0.0,0.06,1.0,0.5,1.0,0.03,0.03
1773641082.8385136,,-1,-1,1,0.020156739,-0.0037343446737538467,0.0073368206111650795,0.15422257346036994,-0.062477931895045906,0,1000000000.0,nan,nan,nan,nan,1,0.004144168,8,1479,0.0,-0.0,0.0,0.0,0.0,0.0,0.0,2.5,0.6,0.0,0.08,0.6,0.0,0.02,0.6,0.0,0.02,0.6,0.0,0.02,0.6,0.0,0.06,1.0,0.5,1.0,0.03,0.03
1773641082.879411,,-1,-1,1,0.020848174,-0.0037343446737538467,0.0073368206111650795,0.15422257346036994,-0.062477931895045906,0,1000000000.0,nan,nan,nan,nan,1,0.007641709,8,1479,0.0,-0.0,0.0,0.0,0.0,0.0,0.0,2.5,0.6,0.0,0.08,0.6,0.0,0.02,0.6,0.0,0.02,0.6,0.0,0.02,0.6,0.0,0.06,1.0,0.5,1.0,0.03,0.03
1773641082.9050114,,-1,-1,1,0.018536551,-0.003639083716111565,0.0072256274583604235,0.15444841117767233,-0.05772827476407984,0,1000000000.0,nan,nan,nan,nan,1,0.003515983,8,1479,0.0,-0.0,0.0,0.0,0.0,0.0,0.0,2.5,0.6,0.0,0.08,0.6,0.0,0.02,0.6,0.0,0.02,0.6,0.0,0.02,0.6,0.0,0.06,1.0,0.5,1.0,0.03,0.03
1773641082.9405787,,-1,-1,1,0.009475643,-0.003685587372295414,0.0071703155394834545,0.153933244371131,-0.050856355007755316,0,1000000000.0,nan,nan,nan,nan,1,0.004526001,8,1479,0.0,-0.0,0.0,0.0,0.0,0.0,0.0,2.5,0.6,0.0,0.08,0.6,0.0,0.02,0.6,0.0,0.02,0.6,0.0,0.02,0.6,0.0,0.06,1.0,0.5,1.0,0.03,0.03
1773641082.9718635,,-1,-1,1,0.007007654,-0.003596881911074488,0.007310052932979508,0.15378747266811021,-0.0624637809151264,0,1000000000.0,nan,nan,nan,nan,1,0.004567235,8,1479,0.0,-0.0,0.0,0.0,0.0,0.0,0.0,2.5,0.6,0.0,0.08,0.6,0.0,0.02,0.6,0.0,0.02,0.6,0.0,0.02,0.6,0.0,0.06,1.0,0.5,1.0,0.03,0.03
1773641083.0063646,,-1,-1,1,0.018811938,-0.0037054327256773453,0.007166356443984544,0.1540759925171939,-0.0569995907176826,0,1000000000.0,nan,nan,nan,nan,1,0.004045573,8,1479,0.0,-0.0,0.0,0.0,0.0,0.0,0.0,2.5,0.6,0.0,0.08,0.6,0.0,0.02,0.6,0.0,0.02,0.6,0.0,0.02,0.6,0.0,0.06,1.0,0.5,1.0,0.03,0.03
1773641083.0458827,,-1,-1,1,0.018131061,-0.0035895575029366994,0.007446815303436884,0.15365249357125144,-0.05859438183482533,0,1000000000.0,nan,nan,nan,nan,1,0.005572738,8,1479,0.0,-0.0,0.0,0.0,0.0,0.0,0.0,2.5,0.6,0.0,0.08,0.6,0.0,0.02,0.6,0.0,0.02,0.6,0.0,0.02,0.6,0.0,0.06,1.0,0.5,1.0,0.03,0.03
1773641083.0722415,,-1,-1,1,0.016856822,-0.0037235802282970638,0.007382044997251491,0.15416751024684533,-0.05821584500947043,0,1000000000.0,nan,nan,nan,nan,1,0.00745511,8,1479,0.0,-0.0,0.0,0.0,0.0,0.0,0.0,2.5,0.6,0.0,0.08,0.6,0.0,0.02,0.6,0.0,0.02,0.6,0.0,0.02,0.6,0.0,0.06,1.0,0.5,1.0,0.03,0.03
1773641083.1066036,,-1,-1,1,0.019541299,-0.003624205566614917,0.007319916619869522,0.1536577513386061,-0.06013899724097798,0,1000000000.0,nan,nan,nan,nan,1,0.006307907,8,1479,0.0,-0.0,0.0,0.0,0.0,0.0,0.0,2.5,0.6,0.0,0.08,0.6,0.0,0.02,0.6,0.0,0.02,0.6,0.0,0.02,0.6,0.0,0.06,1.0,0.5,1.0,0.03,0.03
1773641083.1390224,,-1,-1,1,0.021279155,-0.0033603166490180133,0.007339564733000157,0.15402682957969985,-0.0532336435476875,0,1000000000.0,nan,nan,nan,nan,1,0.005047166,8,1479,0.0,-0.0,0.0,0.0,0.0,0.0,0.0,2.5,0.6,0.0,0.08,0.6,0.0,0.02,0.6,0.0,0.02,0.6,0.0,0.02,0.6,0.0,0.06,1.0,0.5,1.0,0.03,0.03
1773641083.174953,,-1,-1,1,0.022050615,-0.003639083716111565,0.0072256274583604235,0.15444841117767233,-0.05772827476407984,0,1000000000.0,nan,nan,nan,nan,1,0.040806399,8,1479,0.0,-0.0,0.0,0.0,0.0,0.0,0.0,2.5,0.6,0.0,0.08,0.6,0.0,0.02,0.6,0.0,0.02,0.6,0.0,0.02,0.6,0.0,0.06,1.0,0.5,1.0,0.03,0.03
1773641083.2051876,,-1,-1,1,0.01442953,-0.0035320669938312343,0.007340221895887982,0.15443934833199152,-0.06308882808691565,0,1000000000.0,nan,nan,nan,nan,1,0.003600194,8,1479,0.0,-0.0,0.0,0.0,0.0,0.0,0.0,2.5,0.6,0.0,0.08,0.6,0.0,0.02,0.6,0.0,0.02,0.6,0.0,0.02,0.6,0.0,0.06,1.0,0.5,1.0,0.03,0.03
1773641083.2391608,,-1,-1,1,0.014118761,-0.003589565822359568,0.0071237240056041965,0.15385803948643986,-0.05314493774918732,0,1000000000.0,nan,nan,nan,nan,1,0.004173184,8,1479,0.0,-0.0,0.0,0.0,0.0,0.0,0.0,2.5,0.6,0.0,0.08,0.6,0.0,0.02,0.6,0.0,0.02,0.6,0.0,0.02,0.6,0.0,0.06,1.0,0.5,1.0,0.03,0.03
1773641083.2724257,,-1,-1,1,0.004926148,-0.003620201353472554,0.007201774229757778,0.15428558636023193,-0.04950479201990603,0,1000000000.0,nan,nan,nan,nan,1,0.002617764,8,1479,0.0,-0.0,0.0,0.0,0.0,0.0,0.0,2.5,0.6,0.0,0.08,0.6,0.0,0.02,0.6,0.0,0.02,0.6,0.0,0.02,0.6,0.0,0.06,1.0,0.5,1.0,0.03,0.03
1773641083.3061552,,-1,-1,1,0.014841396,-0.0037469843952623967,0.007420503153453312,0.15390561286204862,-0.05219025963631868,0,1000000000.0,nan,nan,nan,nan,1,0.003340436,8,1479,0.0,-0.0,0.0,0.0,0.0,0.0,0.0,2.5,0.6,0.0,0.08,0.6,0.0,0.02,0.6,0.0,0.02,0.6,0.0,0.02,0.6,0.0,0.06,1.0,0.5,1.0,0.03,0.03
1773641083.338604,,-1,-1,1,0.006581071,-0.003745800077299339,0.00733084013762461,0.15448177817773232,-0.055212465701138164,0,1000000000.0,nan,nan,nan,nan,1,0.002090656,8,1479,0.0,-0.0,0.0,0.0,0.0,0.0,0.0,2.5,0.6,0.0,0.08,0.6,0.0,0.02,0.6,0.0,0.02,0.6,0.0,0.02,0.6,0.0,0.06,1.0,0.5,1.0,0.03,0.03
1773641083.3734229,,-1,-1,1,0.041491114,-0.003745800077299339,0.00733084013762461,0.15448177817773232,-0.055212465701138164,0,1000000000.0,nan,nan,nan,nan,1,0.005718494,8,1479,0.0,-0.0,0.0,0.0,0.0,0.0,0.0,2.5,0.6,0.0,0.08,0.6,0.0,0.02,0.6,0.0,0.02,0.6,0.0,0.02,0.6,0.0,0.06,1.0,0.5,1.0,0.03,0.03
1773641083.4054468,,-1,-1,1,0.014832805,-0.003570753680698633,0.007425152560367677,0.15473203045557266,-0.06182567739282154,0,1000000000.0,nan,nan,nan,nan,1,0.037637624,8,1479,0.0,-0.0,0.0,0.0,0.0,0.0,0.0,2.5,0.6,0.0,0.08,0.6,0.0,0.02,0.6,0.0,0.02,0.6,0.0,0.02,0.6,0.0,0.06,1.0,0.5,1.0,0.03,0.03
1773641083.4391377,,-1,-1,1,0.015312012,-0.0035895575029366994,0.007446815303436884,0.15365249357125144,-0.05859438183482533,0,1000000000.0,nan,nan,nan,nan,1,0.013818046,8,1479,0.0,-0.0,0.0,0.0,0.0,0.0,0.0,2.5,0.6,0.0,0.08,0.6,0.0,0.02,0.6,0.0,0.02,0.6,0.0,0.02,0.6,0.0,0.06,1.0,0.5,1.0,0.03,0.03
1773641083.4720979,,-1,-1,1,0.018827811,-0.0035572882776140928,0.007156729357677339,0.1534963595854759,-0.0541879802730375,0,1000000000.0,nan,nan,nan,nan,1,0.018197051,8,1479,0.0,-0.0,0.0,0.0,0.0,0.0,0.0,2.5,0.6,0.0,0.08,0.6,0.0,0.02,0.6,0.0,0.02,0.6,0.0,0.02,0.6,0.0,0.06,1.0,0.5,1.0,0.03,0.03
1773641083.5062556,,-1,-1,1,0.011181044,-0.003639083716111565,0.0072256274583604235,0.15444841117767233,-0.05772827476407984,0,1000000000.0,nan,nan,nan,nan,1,0.003861525,8,1479,0.0,-0.0,0.0,0.0,0.0,0.0,0.0,2.5,0.6,0.0,0.08,0.6,0.0,0.02,0.6,0.0,0.02,0.6,0.0,0.02,0.6,0.0,0.06,1.0,0.5,1.0,0.03,0.03
1773641083.5437012,,-1,-1,1,0.048678152,-0.003639083716111565,0.0072256274583604235,0.15444841117767233,-0.05772827476407984,0,1000000000.0,nan,nan,nan,nan,1,0.008822761,8,1479,0.0,-0.0,0.0,0.0,0.0,0.0,0.0,2.5,0.6,0.0,0.08,0.6,0.0,0.02,0.6,0.0,0.02,0.6,0.0,0.02,0.6,0.0,0.06,1.0,0.5,1.0,0.03,0.03
1773641083.5726259,,-1,-1,1,0.022236458,-0.0034680622405074244,0.007268392387252825,0.15388048329046394,-0.05484154144839537,0,1000000000.0,nan,nan,nan,nan,1,0.037726278,8,1479,0.0,-0.0,0.0,0.0,0.0,0.0,0.0,2.5,0.6,0.0,0.08,0.6,0.0,0.02,0.6,0.0,0.02,0.6,0.0,0.02,0.6,0.0,0.06,1.0,0.5,1.0,0.03,0.03
1773641083.6054692,,-1,-1,1,0.023515104,-0.003685587372295414,0.0071703155394834545,0.153933244371131,-0.050856355007755316,0,1000000000.0,nan,nan,nan,nan,1,0.001871447,8,1479,0.0,-0.0,0.0,0.0,0.0,0.0,0.0,2.5,0.6,0.0,0.08,0.6,0.0,0.02,0.6,0.0,0.02,0.6,0.0,0.02,0.6,0.0,0.06,1.0,0.5,1.0,0.03,0.03
1773641083.6392653,,-1,-1,1,0.009874921,-0.0035242795521283343,0.00720988185512812,0.153675209675033,-0.052968193607150084,0,1000000000.0,nan,nan,nan,nan,1,0.005557851,8,1479,0.0,-0.0,0.0,0.0,0.0,0.0,0.0,2.5,0.6,0.0,0.08,0.6,0.0,0.02,0.6,0.0,0.02,0.6,0.0,0.02,0.6,0.0,0.06,1.0,0.5,1.0,0.03,0.03
1773641083.6721728,,-1,-1,1,0.00617302,-0.0035320669938312343,0.007340221895887982,0.15443934833199152,-0.06308882808691565,0,1000000000.0,nan,nan,nan,nan,1,0.003309699,8,1479,0.0,-0.0,0.0,0.0,0.0,0.0,0.0,2.5,0.6,0.0,0.08,0.6,0.0,0.02,0.6,0.0,0.02,0.6,0.0,0.02,0.6,0.0,0.06,1.0,0.5,1.0,0.03,0.03
1773641083.7127078,,-1,-1,1,0.04669398,-0.0035320669938312343,0.007340221895887982,0.15443934833199152,-0.06308882808691565,0,1000000000.0,nan,nan,nan,nan,1,0.012497313,8,1479,0.0,-0.0,0.0,0.0,0.0,0.0,0.0,2.5,0.6,0.0,0.08,0.6,0.0,0.02,0.6,0.0,0.02,0.6,0.0,0.02,0.6,0.0,0.06,1.0,0.5,1.0,0.03,0.03
1773641083.7424502,,-1,-1,1,0.076153008,-0.0035320669938312343,0.007340221895887982,0.15443934833199152,-0.06308882808691565,0,1000000000.0,nan,nan,nan,nan,1,0.008021711,8,1479,0.0,-0.0,0.0,0.0,0.0,0.0,0.0,2.5,0.6,0.0,0.08,0.6,0.0,0.02,0.6,0.0,0.02,0.6,0.0,0.02,0.6,0.0,0.06,1.0,0.5,1.0,0.03,0.03
1773641083.7723577,,-1,-1,1,0.028878057,-0.003620201353472554,0.007201774229757778,0.15428558636023193,-0.04950479201990603,0,1000000000.0,nan,nan,nan,nan,1,0.004986083,8,1479,0.0,-0.0,0.0,0.0,0.0,0.0,0.0,2.5,0.6,0.0,0.08,0.6,0.0,0.02,0.6,0.0,0.02,0.6,0.0,0.02,0.6,0.0,0.06,1.0,0.5,1.0,0.03,0.03
1773641083.8178093,,-1,-1,1,0.031735991,-0.0035042846848460985,0.00717007162000788,0.15375731177052446,-0.05627178495942565,0,1000000000.0,nan,nan,nan,nan,1,0.050628976,8,1479,0.0,-0.0,0.0,0.0,0.0,0.0,0.0,2.5,0.6,0.0,0.08,0.6,0.0,0.02,0.6,0.0,0.02,0.6,0.0,0.02,0.6,0.0,0.06,1.0,0.5,1.0,0.03,0.03
1773641083.8422582,,-1,-1,1,0.009520269,-0.003639083716111565,0.0072256274583604235,0.15444841117767233,-0.05772827476407984,0,1000000000.0,nan,nan,nan,nan,1,0.023117273,8,1479,0.0,-0.0,0.0,0.0,0.0,0.0,0.0,2.5,0.6,0.0,0.08,0.6,0.0,0.02,0.6,0.0,0.02,0.6,0.0,0.02,0.6,0.0,0.06,1.0,0.5,1.0,0.03,0.03
1773641083.889057,,-1,-1,1,0.001269369,-0.0035337453213516896,0.007233431614791551,0.15441376389962122,-0.06204741758064352,0,1000000000.0,nan,nan,nan,nan,1,0.044837215,8,1479,0.0,-0.0,0.0,0.0,0.0,0.0,0.0,2.5,0.6,0.0,0.08,0.6,0.0,0.02,0.6,0.0,0.02,0.6,0.0,0.02,0.6,0.0,0.06,1.0,0.5,1.0,0.03,0.03
1773641083.905907,,-1,-1,1,0.013549733,-0.0036380689566731777,0.007241766948232068,0.15426520980271108,-0.05312198024959309,0,1000000000.0,nan,nan,nan,nan,1,0.002510317,8,1479,0.0,-0.0,0.0,0.0,0.0,0.0,0.0,2.5,0.6,0.0,0.08,0.6,0.0,0.02,0.6,0.0,0.02,0.6,0.0,0.02,0.6,0.0,0.06,1.0,0.5,1.0,0.03,0.03
1773641083.9381812,,-1,-1,1,0.011698117,-0.0037390341466285297,0.007191836711967279,0.15416251892933838,-0.0560711350989828,0,1000000000.0,nan,nan,nan,nan,1,0.001059956,8,1479,0.0,-0.0,0.0,0.0,0.0,0.0,0.0,2.5,0.6,0.0,0.08,0.6,0.0,0.02,0.6,0.0,0.02,0.6,0.0,0.02,0.6,0.0,0.06,1.0,0.5,1.0,0.03,0.03
1773641083.9725406,,-1,-1,1,0.013925882,-0.003438228337834413,0.007299649151461876,0.15401997341731094,-0.05539474764326701,0,1000000000.0,nan,nan,nan,nan,1,0.002445307,8,1479,0.0,-0.0,0.0,0.0,0.0,0.0,0.0,2.5,0.6,0.0,0.08,0.6,0.0,0.02,0.6,0.0,0.02,0.6,0.0,0.02,0.6,0.0,0.06,1.0,0.5,1.0,0.03,0.03
1773641084.0067918,,-1,-1,1,0.025357409,-0.0035015200135267576,0.007483378633650457,0.15461872278217886,-0.059654493319859635,0,1000000000.0,nan,nan,nan,nan,1,0.003634745,8,1479,0.0,-0.0,0.0,0.0,0.0,0.0,0.0,2.5,0.6,0.0,0.08,0.6,0.0,0.02,0.6,0.0,0.02,0.6,0.0,0.02,0.6,0.0,0.06,1.0,0.5,1.0,0.03,0.03
1773641084.0398772,,-1,-1,1,0.019330354,-0.0034796928098654234,0.0073339535640332305,0.15405758166665826,-0.05886570597636725,0,1000000000.0,nan,nan,nan,nan,1,0.005245435,8,1479,0.0,-0.0,0.0,0.0,0.0,0.0,0.0,2.5,0.6,0.0,0.08,0.6,0.0,0.02,0.6,0.0,0.02,0.6,0.0,0.02,0.6,0.0,0.06,1.0,0.5,1.0,0.03,0.03
1773641084.0745413,,-1,-1,1,0.004223141,-0.0036380689566731777,0.007241766948232068,0.15426520980271108,-0.05312198024959309,0,1000000000.0,nan,nan,nan,nan,1,0.001128706,8,1479,0.0,-0.0,0.0,0.0,0.0,0.0,0.0,2.5,0.6,0.0,0.08,0.6,0.0,0.02,0.6,0.0,0.02,0.6,0.0,0.02,0.6,0.0,0.06,1.0,0.5,1.0,0.03,0.03
1773641084.1090486,,-1,-1,1,0.01392422,-0.0034891047049968194,0.007405400060587142,0.15450881864096308,-0.055404022850154826,0,1000000000.0,nan,nan,nan,nan,1,0.007220831,8,1479,0.0,-0.0,0.0,0.0,0.0,0.0,0.0,2.5,0.6,0.0,0.08,0.6,0.0,0.02,0.6,0.0,0.02,0.6,0.0,0.02,0.6,0.0,0.06,1.0,0.5,1.0,0.03,0.03
1773641084.1402874,,-1,-1,1,0.021289123,-0.003639083716111565,0.0072256274583604235,0.15444841117767233,-0.05772827476407984,0,1000000000.0,nan,nan,nan,nan,1,0.038515952,8,1479,0.0,-0.0,0.0,0.0,0.0,0.0,0.0,2.5,0.6,0.0,0.08,0.6,0.0,0.02,0.6,0.0,0.02,0.6,0.0,0.02,0.6,0.0,0.06,1.0,0.5,1.0,0.03,0.03
